Tavg,Tmin,Pavg,Pmin,Srad,VPD,PET,Cyclone,Runoff,TidalRange,Dist2Coast,Salinity,SeaTemp,DEM,Slope,Pop,Height
26.4875,19.0,1445.0,28.0,17756,0.8138072,1901.35,0.86,1089.427001953125,0.444546406170537,661.0079956,34.75980623673585,27.22061951003467,7,2.355623245239258,3.5924985,9
27.504168,22.9,1398.0,1.0,17824,0.7875786,2008.7943,0.6,719.8737182617188,2.39553296084391,1324.0799561,31.11168471272892,28.620833830039853,4,0.4367262125015259,287.87137,8.88
18.258333,5.1,1528.0,37.0,14484,0.44525135,866.8438,1.62,495.6791076660156,0.0,4609.8901367,29.49713530693461,21.37649004370201,11,9.685178756713867,169.46216,1.71
26.466667,22.1,2605.0,118.0,18425,0.61421233,1842.4923,0.0,1201.864013671875,2.5,12.5879002,33.64302290495672,29.45599814868717,6,1.7258232831954956,157.14842,9.5
26.9125,20.0,1274.0,35.0,18465,0.8471671,1370.0197,0.96,6.613067150115967,0.177630446782819,-32.5996017,36.01214934487059,28.11660957486629,5,0.3452648818492889,11.292452,3.5
26.95,22.8,2321.0,8.0,17528,0.5785612,1754.8638,0.44,719.8737182617188,1.44474748508099,1741.1099854,30.107099284011767,28.9885876008474,3,0.8734017014503479,109.9383,13.6
27.154167,22.0,1433.0,1.0,17894,0.75650245,1268.861,0.64,322.9974060058594,2.33458741032999,1332.1800537,29.89656777998045,28.33945098985765,4,1.4190974235534668,163.98697,15.4
26.804167,14.7,1537.0,7.0,18378,1.0778424,1202.1724,2.42,296.0495910644531,1.61946025530447,-366.4079895,30.40103433130923,28.096408684136254,64,7.712043762207031,276.6357,3
17.320833,6.4,990.0,53.0,16694,0.59278893,931.8298,0.02,250.9239959716797,1.22291470588235,1282.8100586,35.543005891317414,20.62905942517069,0,8.775286674499512,633.27936,0
27.583334,22.4,1814.0,2.0,17499,0.80939364,2096.702,0.42,719.8737182617188,1.05320963488844,99.1626968,32.38001966818015,28.69542908398576,1,0.4632169902324676,58.84917,9.5
23.558332,15.8,1236.0,53.0,15574,0.52191585,1593.173,0.02,171.4261016845703,1.09862941176471,-43.915699,36.9194545206211,25.4602584417868,-1,0.6366184949874878,170.19438,4.4
22.629166,10.9,1982.0,37.0,13727,0.68098253,899.2965,2.4,761.181884765625,0.0,-200.5279999,32.14374679103725,25.023123931153595,9,0.244140625,5031.792,5.75
25.625,17.3,1040.0,23.0,18112,0.64907795,1417.5403,0.98,6.613067150115967,0.178405037088149,-280.6069946,36.01977874005476,28.07088696987992,9,0.308815062046051,0.010686349,8.5
28.579166,21.0,1265.0,13.0,20428,1.113084,2139.4492,0.76,248.08169555664065,0.704247222701397,179.2369995,33.28591125026829,28.924188249027445,1,0.5459018349647522,570.43744,2.46
26.954166,20.6,1170.0,7.0,20648,0.7778039,2045.3639,0.46,549.5191040039062,2.04795882352941,237.4080048,32.99915793163467,28.608305165224927,6,0.6990818977355957,22.146961,5.71
27.504166,20.9,3459.0,13.0,18073,0.819962,1145.2026,0.16,2009.18798828125,1.06221446839605,3361.6000977,31.015904458499964,29.200653937902445,2,0.9886020421981812,101.41218,9.2
26.683332,16.2,1428.0,9.0,18197,0.76808006,1202.1724,2.38,296.0495910644531,1.58374007245127,518.8809814,30.531760953712627,28.16535925903262,5,0.6641085743904114,403.21414,1
26.258333,13.3,1983.0,10.0,17804,0.73571223,1119.8074,1.68,932.0302124023438,0.0,17624.6992188,22.445868751991675,27.8348765329584,6,0.794818103313446,165.4042,10.9
27.583334,22.4,1814.0,2.0,17499,0.80939364,2096.702,0.42,719.8737182617188,1.05320963488844,99.1626968,32.38001966818015,28.69542908398576,1,0.4632169902324676,58.84917,14.3
26.770834,19.2,1478.0,24.0,17937,0.8647426,2268.217,0.78,1363.18798828125,0.460796999831451,197.0650024,33.80664894411761,27.55517907113554,9,1.3145147562026978,3.2656662,0
26.870834,21.0,3295.0,23.0,18454,0.6698032,1870.6986,0.3,750.3220825195312,2.13108529411765,182.4530029,31.977256726341505,29.262305571094487,16,0.9327832460403442,54.654892,19
23.804167,13.3,1261.0,38.0,17878,0.7842559,1938.4958,0.84,126.34729766845705,1.01872647058824,502.0090027,36.28115769277713,26.21343290715672,4,1.0299257040023804,34.018707,1.5
26.9875,21.1,3290.0,23.0,18462,0.6802139,1870.6986,0.3,750.3220825195312,2.13241764705882,126.7929993,31.977256726341505,29.262305571094487,12,0.154408648610115,54.631836,17
19.404167,11.3,1846.0,88.0,12892,0.4112551,1301.2328,0.0,839.6517944335938,1.2,1160.4599609,35.51631534149051,22.949203286852345,127,14.806062698364258,3.173906,3.13
26.4875,19.0,1445.0,28.0,17756,0.8138072,1901.35,0.86,1089.427001953125,0.444546406170537,661.0079956,34.75980623673585,27.22061951003467,7,2.355623245239258,3.5924985,9
26.858334,22.7,2290.0,7.0,17553,0.5643201,1995.0734,0.46,1180.6629638671875,2.32276676729343,1431.7800293,30.014365010132828,28.916303034457773,2,0.5459018349647522,109.9189,0
26.870834,21.0,3295.0,23.0,18454,0.6698032,1870.6986,0.3,750.3220825195312,2.13108529411765,293.7720032,31.977256726341505,29.262305571094487,14,1.2446894645690918,54.654892,20
26.954166,20.6,1170.0,7.0,20648,0.7778039,2045.3639,0.46,549.5191040039062,2.04795882352941,237.4080048,32.99915793163467,28.608305165224927,6,0.6990818977355957,22.146961,5
26.9875,21.1,3290.0,23.0,18462,0.6802139,1870.6986,0.3,750.3220825195312,2.13451764705882,126.7929993,31.977256726341505,29.262305571094487,14,1.220525860786438,54.631836,19
22.895834,11.2,1648.0,25.0,16432,0.6087623,856.5301,2.86,381.1677856445313,2.53,-51.9553986,32.117501898729905,25.55284459330425,5,0.5459018349647522,259.46362,2.43
27.583334,22.4,1814.0,2.0,17499,0.80939364,2096.702,0.42,719.8737182617188,1.05320963488844,99.1626968,32.38001966818015,28.69542908398576,1,0.4632169902324676,58.84917,15.1
23.070833,12.9,753.0,14.0,17171,0.70629907,1453.0142,0.08,0.0,1.7919628859755,367.5629883,35.27941511283785,25.20818362781721,6,0.154408648610115,8441.219,1.35
22.5375,11.1,1264.0,40.0,17595,0.7489507,1113.382,0.92,186.64669799804688,0.0,179.802002,35.95951715704756,25.6443585290916,4,0.4882723987102508,2.214223,3
26.15,21.6,1991.0,64.0,17175,0.50969976,1325.8638,0.0,842.1348876953125,0.551454157977258,-1496.5100098,32.19246249180688,29.455819652347305,37,0.6366184949874878,224.82578,19
28.233334,24.1,1875.0,104.0,17167,0.78908014,1939.8911,0.0,499.034912109375,1.58548388898586,-309.2460022,32.03890542812664,29.32653996764577,10,2.422825813293457,29.819933,6
27.020834,21.2,1820.0,46.0,18070,0.7412894,1413.7781,0.34,637.5902099609375,1.15297119460501,380.2969971,31.789173619020357,29.553661807270537,8,1.0356943607330322,160.44156,7
26.804167,14.7,1537.0,7.0,18378,1.0778424,1202.1724,2.42,296.0495910644531,1.61946025530447,-366.4079895,30.40103433130923,28.096408684136254,64,7.712043762207031,276.6357,3
22.7,11.0,1964.0,36.0,13843,0.6868251,899.2965,2.44,761.181884765625,0.0,-278.5190125,32.14374679103725,25.023123931153595,-5,0.5459018349647522,2188.4458,3.7
26.933332,22.4,2317.0,7.0,17326,0.5885676,1221.1127,0.44,1180.6629638671875,2.75587652233914,4141.7099609,32.24959806078191,28.58532278720445,4,0.5567121505737305,132.77043,0
27.283333,22.7,1766.0,50.0,17826,0.75413084,1325.8638,0.0,842.1348876953125,0.552871797604007,-400.0580139,32.9968966832307,28.817924192311537,5,1.2446894645690918,9522.863,8
27.504168,22.9,1398.0,1.0,17824,0.7875786,2008.7943,0.6,719.8737182617188,2.39553296084391,1324.0799561,31.11168471272892,28.620833830039853,4,0.4367262125015259,287.87137,7.92
26.9875,21.1,3290.0,23.0,18462,0.6802139,1870.6986,0.3,750.3220825195312,2.13519705882353,46.286499,31.695132965777017,29.657142792847477,14,0.976473867893219,54.631836,18
26.858334,22.7,2290.0,7.0,17553,0.5643201,1995.0734,0.46,1180.6629638671875,2.31564930136277,1356.6400146,30.07867584766652,28.90207690372394,1,0.4367262125015259,108.14497,1
27.508333,14.1,65.0,0.0,20450,1.7395849,580.9311,0.0,0.0,0.951305882352941,345.2000122,37.701038530267,27.85900499092069,3,0.6990818977355957,14.781059,0
26.720833,14.1,1536.0,5.0,17641,0.9539973,1820.1626,2.44,750.168701171875,3.24021668966707,-8975.5097656,22.03924828903637,27.64078497930952,4,0.4882723987102508,450.51987,0
26.2375,18.9,1259.0,34.0,18478,0.71417004,1370.0197,0.9,6.613067150115967,0.177122873900293,452.3850098,36.00946533482708,28.109406302492097,1,0.4367262125015259,0.027209176,1
18.283333,7.3,1098.0,54.0,17220,0.6461808,802.23975,0.02,162.4635009765625,1.28600882352941,531.3010254,35.57520669171624,21.749599771960916,3,0.5567121505737305,0.3231322,4.4
26.341667,20.8,1194.0,15.0,16888,0.75098777,2154.4854,0.0,237.2115020751953,2.50025294117647,159.6640015,34.592257888023795,27.56772292861192,6,0.6905047297477722,79.035675,8.37
27.683332,21.4,1274.0,2.0,18197,1.10521,1925.6089,0.0,288.1747131347656,2.61634117647059,510.5859985,35.63842663551408,28.080803170753068,14,2.547238826751709,19.507074,4
26.933332,21.9,3106.0,148.0,16683,0.57235277,1589.736,0.06,2039.7669677734373,1.56899728307745,438.5509949,31.302024873790245,30.166753369759984,11,1.00652015209198,118.492256,33
27.7625,22.3,1882.0,75.0,18429,0.84771687,2085.6355,0.0,788.8748168945312,2.16014103846817,4107.4501953,33.15339295979804,29.0028351103437,13,0.154408648610115,61.216137,5.4
26.741667,21.8,1487.0,33.0,18103,0.720566,1945.8169,0.1,570.0640258789062,1.89395588235294,795.9489746,33.70771864149658,28.258165632188632,3,0.3452648818492889,292.80765,8.4
26.8875,22.6,2295.0,7.0,17534,0.57380086,1995.0734,0.46,1180.6629638671875,2.29447272727273,2100.4199219,30.033352972083264,28.91847799020486,4,0.4501665234565735,109.92135,11
25.929167,22.0,4148.0,218.0,16423,0.4702897,1789.1395,0.0,896.211669921875,2.63345588235294,397.9559937,28.55936032440784,28.086926578394493,33,8.298142433166504,71.963486,6.49
26.283333,14.3,1785.0,6.0,17757,0.7230568,1047.5947,2.38,621.8372802734375,1.34286556839745,11.3940001,27.53396619444088,27.70966933724453,2,0.3936611115932464,326.08307,5.92
27.516666,21.2,1028.0,12.0,20625,0.75971603,1206.5491,0.36,0.0,0.521879243697479,143.2969971,34.21407251846156,28.42873461705335,39,3.523384094238281,62.64295,4.4
24.204166,14.8,1427.0,33.0,18169,0.7654535,1721.823,0.96,180.11740112304688,0.693809083810515,298.3919983,36.22494120581096,26.83328421546449,4,0.3936611115932464,2.6320536,4.04
20.729166,9.5,1215.0,35.0,18240,0.7790745,948.8875,0.28,0.0,1.55383243056754,65.7913971,35.4892337357217,23.668524775483988,4,2.320007801055908,1.6822815,5.3
24.191666,14.7,1433.0,34.0,18195,0.76878685,1721.823,0.96,180.11740112304688,0.693726713517265,187.0720062,36.22494120581096,26.83328421546449,9,0.244140625,0.0,0.97
17.6,6.6,1424.0,23.0,14879,0.3640709,1372.6068,0.0,732.2393798828125,0.851889105464671,-1646.5799561,35.637905141519795,22.64021055117851,950,11.957923889160156,0.017612716,6.1
26.9875,21.1,3290.0,23.0,18462,0.6802139,1870.6986,0.3,750.3220825195312,2.13588823529412,23.2695007,31.695132965777017,29.657142792847477,13,1.8001106977462769,54.631836,19
26.258333,13.3,1983.0,10.0,17804,0.73571223,1119.8074,1.68,932.0302124023438,0.0,17624.6992188,22.445868751991675,27.8348765329584,6,0.794818103313446,165.4042,15.1
26.566668,16.4,1444.0,3.0,21530,1.04795,1435.9869,0.88,721.517822265625,0.0,4406.1098633,33.862543727167534,28.36144673216835,8,0.2183662801980972,18.40016,2.31
23.558332,15.8,1236.0,53.0,15574,0.52191585,1593.173,0.02,171.4261016845703,1.09862941176471,-43.915699,36.9194545206211,25.4602584417868,-1,0.6366184949874878,170.19438,6.3
26.354166,22.0,3509.0,190.0,16793,0.41132262,2076.4116,2.28,0.0,1.33307352941176,0.0,33.92681625320244,29.346078605900946,305,15.979059219360352,65.93545,8
26.308332,18.3,2140.0,25.0,21386,0.89091307,2184.8467,0.74,895.3724975585938,3.0,2906.9499512,34.762995056096166,28.462677660200036,8,0.5459018349647522,76.19978,4.36
22.583334,10.9,1270.0,38.0,17612,0.74463147,1844.6682,0.88,126.34729766845705,0.746920588235294,272.6489868,35.99830317231608,25.839154484092763,3,0.244140625,10.303146,2
27.0875,22.1,1421.0,1.0,17907,0.7364683,1268.861,0.66,322.9974060058594,2.32289207317073,109.7610016,30.44917208962515,28.244824943143666,3,0.8801976442337036,102.6871,8
25.741667,21.3,2977.0,217.0,17465,0.69904584,2133.4365,3.7,0.0,1.5,-78.8699036,33.983100037436294,29.33151011316625,14,0.7323864102363586,31.881924,9.5
26.933332,21.9,3106.0,148.0,16683,0.57235277,1589.736,0.06,2039.7669677734373,1.56899728307745,438.5509949,31.302024873790245,30.166753369759984,11,1.00652015209198,118.492256,27
27.125,22.4,2175.0,106.0,16251,0.6228316,1325.7302,0.04,664.3231811523438,2.8531871657754,-617.434021,30.703158691757885,30.54710744644309,1,0.3936611115932464,110.91964,6.2
26.966667,22.4,2705.0,155.0,16794,0.5844231,1424.5536,0.0,1027.70703125,3.0,6926.8198242,32.2780849819798,29.26817490047634,7,0.4501665234565735,25.289017,15
26.741667,21.8,1487.0,33.0,18103,0.720566,1945.8169,0.1,570.0640258789062,1.89435588235294,891.4199829,33.70771864149658,28.258165632188632,4,0.1091835349798202,292.80765,5.8
26.558334,13.8,1367.0,2.0,17998,1.0057863,1049.0812,2.06,555.4058837890625,0.0,26101.1992188,24.900696848307085,27.74654182310436,1,0.6641085743904114,376.3511,0
26.870834,21.0,3295.0,23.0,18454,0.6698032,1870.6986,0.3,750.3220825195312,2.13035,516.4110107,31.977256726341505,29.262305571094487,16,0.771998405456543,54.654892,18
26.270834,21.3,2713.0,31.0,15712,0.62499905,1579.5983,3.0,1702.0980224609375,1.60137647058824,-309.3370056,33.23083655408554,29.01907972618825,9,2.623119115829468,1006.5681,9
26.9875,21.1,3290.0,23.0,18462,0.6802139,1870.6986,0.3,750.3220825195312,2.13727058823529,246.1329956,31.977256726341505,29.262305571094487,9,1.0807349681854248,46.47254,20
28.570833,21.0,1268.0,13.0,20621,1.1005368,2139.4492,0.76,248.08169555664065,0.704273641538727,252.5,33.28591125026829,28.924188249027445,2,0.852688729763031,776.8664,6.26
26.470833,19.6,788.0,32.0,18193,1.0204555,2105.286,0.74,0.0,0.596991176470588,293.7720032,36.31374430526392,27.71408681212016,3,0.244140625,21.187565,3
25.8625,19.1,2072.0,85.0,19259,0.7179422,1673.9684,0.72,775.58447265625,0.581261764705882,1800.0,35.35836914772091,28.01078621775203,13,1.220525860786438,53.313435,10
25.941666,20.5,1646.0,25.0,18224,0.73055416,1864.3184,0.0,422.9866943359375,0.556580531885008,-21.6515999,32.28117031910946,29.344521925945703,136,13.13451862335205,513.20557,7.5
27.641666,21.5,1251.0,2.0,17898,1.0802726,1925.6089,0.0,288.1747131347656,2.61634117647059,355.6099854,35.66001549509418,28.079906559231127,9,2.301992654800415,72.55951,2
25.9375,22.2,3720.0,190.0,13910,0.46262607,1520.7698,0.0,4589.3349609375,0.0,2861.5100098,32.2743565817865,27.222150342213336,53,2.830165147781372,58.33628,23.7
26.975,22.7,2344.0,8.0,17326,0.6052954,1995.0734,0.46,1180.6629638671875,2.36433463860618,5227.0097656,32.297865078933,28.600498386072942,5,0.6366184949874878,109.90428,18.5
26.925,22.6,2291.0,8.0,17553,0.5815316,1995.0734,0.46,1180.6629638671875,2.25547119199586,2382.1101074,30.033352972083264,28.91847799020486,3,0.771998405456543,109.923775,11
26.8625,22.5,2034.0,5.0,18878,0.7516613,1892.1493,0.0,916.4545288085938,0.973193543131538,-429.2890015,33.14974252359312,28.93698986873635,-2,2.185340881347656,371.83554,6.5
26.804167,14.7,1537.0,7.0,18378,1.0778424,1202.1724,2.42,296.0495910644531,1.61946025530447,-366.4079895,30.40103433130923,28.096408684136254,64,7.712043762207031,276.6357,3
27.0375,22.7,2762.0,147.0,16976,0.6060844,1613.922,0.0,1027.70703125,3.0,-474.3349915,29.276792961191003,29.642440485299844,17,2.9352614879608154,2.7403762,15
25.595833,20.9,2563.0,81.0,18373,0.5590421,2043.4119,0.0,1389.6390380859375,1.86884705882353,-5926.1000977,31.099578754188524,27.324806208386978,124,2.452099561691284,16.505392,19.1
26.995834,22.7,2306.0,59.0,18107,0.65074295,1330.9385,0.22,1108.863037109375,0.721224459953473,-224.371994,30.115195762695635,29.70958466908899,11,1.468594312667847,340.97842,14.13
23.720833,19.2,2531.0,111.0,16487,0.37124658,1409.0016,0.0,1433.7969970703125,1.8,5401.7597656,33.20044789696539,28.956768202803666,433,11.00421905517578,318.79987,10
23.804167,13.3,1261.0,38.0,17878,0.7842559,1938.4958,0.84,126.34729766845705,1.01872647058824,502.0090027,36.28115769277713,26.21343290715672,4,1.0299257040023804,34.018707,8.9
25.741667,21.3,2977.0,217.0,17465,0.69904584,2133.4365,3.7,0.0,1.16126401587028,-97.4046021,33.983100037436294,29.33151011316625,0,0.0,31.881924,9
27.583334,22.4,1814.0,2.0,17499,0.80939364,2096.702,0.42,719.8737182617188,1.05320963488844,99.1626968,32.38001966818015,28.69542908398576,1,0.4632169902324676,58.84917,14.7
25.795834,21.1,2559.0,79.0,18492,0.5816679,1356.4684,0.0,1392.23095703125,1.88798529411765,-6813.6499023,21.72068125417882,28.287252748314085,2,2.4031107425689697,0.04121289,17
27.504168,22.9,1398.0,1.0,17824,0.7875786,2008.7943,0.6,719.8737182617188,2.39553296084391,1324.0799561,31.11168471272892,28.620833830039853,4,0.4367262125015259,287.87137,8.29
26.954166,20.6,1170.0,7.0,20648,0.7778039,2045.3639,0.46,549.5191040039062,2.04795882352941,237.4080048,32.99915793163467,28.608305165224927,6,0.6990818977355957,22.146961,9.43
26.804167,14.7,1537.0,7.0,18378,1.0778424,1202.1724,2.42,296.0495910644531,1.61946025530447,-366.4079895,30.40103433130923,28.096408684136254,64,7.712043762207031,276.6357,3
26.808332,22.9,2544.0,97.0,17048,0.50871795,1328.2854,0.0,1575.884033203125,0.0,-485.1019897,30.88169983105784,29.904217726036087,12,0.4501665234565735,56.04505,13
22.904167,11.2,1651.0,26.0,16415,0.6087623,856.5301,2.86,381.1677856445313,2.53,-230.1959991,32.117501898729905,25.55284459330425,5,1.1757789850234983,259.0932,3.25
26.1375,21.7,2283.0,79.0,18848,0.552466,2043.4119,0.0,1389.6390380859375,1.88752647058824,-5492.4702148,31.17061706647658,27.32715711293394,7,0.7323864102363586,0.734256,5
26.558334,13.8,1367.0,2.0,17998,1.0057863,1049.0812,2.06,555.4058837890625,0.0,26101.1992188,24.900696848307085,27.74654182310436,1,0.6641085743904114,376.3511,0
27.583334,22.4,1814.0,2.0,17499,0.80939364,2096.702,0.42,719.8737182617188,1.05320963488844,99.1626968,32.38001966818015,28.69542908398576,1,0.4632169902324676,58.84917,5.5
26.933332,21.9,3106.0,148.0,16683,0.57235277,1589.736,0.06,2039.7669677734373,1.56899728307745,438.5509949,31.302024873790245,30.166753369759984,11,1.00652015209198,118.492256,30
23.341667,11.1,1323.0,38.0,17262,0.82269746,1844.6682,0.9,126.34729766845705,0.753694117647059,-24.8567009,35.26613814662194,24.88288557468537,6,0.244140625,0.060433745,3
27.058334,14.2,160.0,0.0,20482,1.3811263,1488.2347,0.0,0.0,1.37339117647059,-457.6340027,38.57740572464389,28.30832892198277,2,0.4501665234565735,35.270844,0
27.125,21.3,1931.0,39.0,18029,0.761211,1413.7781,0.32,637.5902099609375,1.15762971014493,150.3070068,31.806358535251235,29.51457080139862,7,0.308815062046051,63.44525,7
28.570833,21.0,1268.0,13.0,20621,1.1005368,2139.4492,0.76,248.08169555664065,0.704273641538727,252.5,33.28591125026829,28.924188249027445,2,0.852688729763031,776.8664,8.12
28.016666,24.0,2066.0,126.0,17174,0.76551634,2074.2678,0.0,754.7039184570312,1.56659815403639,423.5870056,28.836065812945773,29.64759691965321,440,3.689432621002197,18.107822,6
26.804167,14.7,1537.0,7.0,18378,1.0778424,1202.1724,2.42,296.0495910644531,1.61946025530447,-366.4079895,30.40103433130923,28.096408684136254,64,7.712043762207031,276.6357,3
27.583334,22.4,1814.0,2.0,17499,0.80939364,2096.702,0.42,719.8737182617188,1.05320963488844,99.1626968,32.38001966818015,28.69542908398576,1,0.4632169902324676,58.84917,9.5
27.466667,23.3,3422.0,80.0,16792,0.6568362,1989.1254,3.1,1702.0980224609375,1.59373529411765,879.3449707,33.51128651551279,28.903288256025697,3,1.00652015209198,522.1905,16.5
27.491667,23.3,3660.0,79.0,16750,0.6476695,1989.1254,3.1,1702.0980224609375,1.59069411764706,154.6230011,33.2649002552166,28.969613510696853,2,1.0299257040023804,328.99457,0
27.504168,22.9,1398.0,1.0,17824,0.7875786,2008.7943,0.6,719.8737182617188,2.39553296084391,1324.0799561,31.11168471272892,28.620833830039853,4,0.4367262125015259,287.87137,7.99
26.9875,21.1,3290.0,23.0,18462,0.6802139,1870.6986,0.3,750.3220825195312,2.13451764705882,182.4530029,31.977256726341505,29.262305571094487,16,0.4882723987102508,54.631836,20
26.804167,14.7,1537.0,7.0,18378,1.0778424,1202.1724,2.42,296.0495910644531,1.61946025530447,-366.4079895,30.40103433130923,28.096408684136254,64,7.712043762207031,276.6357,3
22.958334,14.0,2121.0,109.0,14883,0.721818,1595.3829,3.14,0.0,1.45178823529412,981.1929932,34.61339338405229,25.91387384624877,38,2.863554716110229,2872.9116,3.61
25.908333,21.5,3077.0,46.0,17617,0.51731485,1516.6914,0.0,2316.5869140625,1.91643529411765,1088.9699707,28.885604331553985,27.37135948652673,17,2.050498962402344,252.17326,22.7
26.8875,22.4,2092.0,96.0,16269,0.6300486,1551.7118,0.02,572.2650146484375,2.26218235294118,698.1160278,31.169893414747243,30.246772838173182,8,1.00652015209198,1653.0303,16
21.870832,9.3,1656.0,28.0,16112,0.549896,1053.1106,3.06,372.0280151367188,2.03110588235294,-285.2369995,30.351276256226416,25.520718191200302,53,7.884285926818848,64.759705,13.3
27.2875,22.8,1750.0,49.0,17892,0.7550812,1665.452,0.0,842.1348876953125,0.555225646661935,9.6702204,33.001780248599474,28.81341515078062,4,0.8801976442337036,6853.7754,5
27.504168,22.9,1398.0,1.0,17824,0.7875786,2008.7943,0.6,719.8737182617188,2.39553296084391,1324.0799561,31.11168471272892,28.620833830039853,4,0.4367262125015259,287.87137,8.05
25.908333,21.5,3077.0,46.0,17617,0.51731485,1516.6914,0.0,2316.5869140625,1.91643529411765,1088.9699707,28.885604331553985,27.37135948652673,17,2.050498962402344,252.17326,3.5
25.9375,21.5,2136.0,76.0,18911,0.5241577,2043.4119,0.0,1389.6390380859375,1.87170294117647,-833.4329834,31.003023544263257,27.319830644360103,19,0.771998405456543,2.517797,18.22
26.954166,20.6,1170.0,7.0,20648,0.7778039,2045.3639,0.46,549.5191040039062,2.04795882352941,237.4080048,32.99915793163467,28.608305165224927,6,0.6990818977355957,22.146961,5.34
25.916666,19.2,2059.0,88.0,19217,0.72686666,1673.9684,0.72,775.58447265625,0.575502941176471,1700.0,36.13280231531563,27.87244211101282,10,0.7872850894927979,53.299976,15
26.191666,21.8,3541.0,191.0,16737,0.38279542,2076.4116,2.38,0.0,1.33611470588235,-340.2869873,33.92681625320244,29.346078605900946,11,2.3931920528411865,76.09743,12
28.025,24.0,2022.0,126.0,17160,0.767546,1960.8016,0.0,754.7039184570312,1.54908316796598,231.9420013,29.00771494838532,29.577599339659248,8,3.209681987762451,16.909029,8
26.0125,12.9,2061.0,11.0,17768,0.6853442,1119.8074,1.72,932.0302124023438,0.0,12730.7001953,23.41639658403044,27.889177418427167,12,0.7872850894927979,56.25027,9.5
15.333333,7.5,1244.0,79.0,15111,0.39200696,995.1695,0.24,634.559326171875,1.84538529411765,300.0,35.377059823756646,17.578864509644646,4,1.930924892425537,1052.5482,0.752
26.316668,21.9,2974.0,129.0,18443,0.5889444,1971.7285,0.0,775.4176025390625,1.58860882352941,489.5889893,33.646634771165225,29.47184005603758,21,4.479349613189697,186.316,10
28.054167,22.0,1022.0,11.0,20397,0.8598735,2298.256,0.36,0.0,0.516834537815126,393.8840027,34.22115636145212,28.388135369803376,12,0.6990818977355957,645.3138,10.3
26.304167,15.1,1750.0,4.0,17804,0.7285405,1763.8553,2.44,750.168701171875,2.28886458513024,412.9370117,27.95165460468066,27.71986125087106,3,0.6366184949874878,968.2062,5.75
26.041666,21.6,2315.0,81.0,18855,0.5525439,1356.4684,0.0,1392.23095703125,1.88773823529412,-5700.2001953,31.205352715984183,27.322533634737717,25,3.273761987686157,2.5174165,22
26.804167,14.7,1537.0,7.0,18378,1.0778424,1202.1724,2.42,296.0495910644531,1.61946025530447,-366.4079895,30.40103433130923,28.096408684136254,64,7.712043762207031,276.6357,3
26.9875,21.1,3290.0,23.0,18462,0.6802139,1870.6986,0.3,750.3220825195312,2.13241764705882,349.4320068,31.977256726341505,29.262305571094487,12,0.4882723987102508,54.631836,17
21.145834,8.2,1556.0,31.0,15462,0.55937356,856.5301,2.86,381.1677856445313,2.53,0.0,31.491151950900893,25.418968842614536,-1,0.5459018349647522,72.31539,2.19
22.629166,10.9,1982.0,37.0,13727,0.68098253,899.2965,2.4,761.181884765625,1.36,-200.5279999,32.14374679103725,25.023123931153595,9,0.244140625,5031.792,2.74
27.345833,14.3,68.0,0.0,21207,1.6365471,815.4564,0.0,0.0,1.31770588235294,446.6929932,38.40748143593396,28.260676139853462,0,0.244140625,28.434048,0
22.629166,10.9,1982.0,37.0,13727,0.68098253,899.2965,2.4,761.181884765625,1.36,-200.5279999,32.14374679103725,25.023123931153595,9,0.244140625,5031.792,10.2
26.433334,22.2,2922.0,108.0,16996,0.6708531,1328.2854,0.0,1575.884033203125,0.0,177.0,30.855105009098125,29.91486848897112,14,1.8522627353668213,9.7647915,9
26.675,12.6,308.0,1.0,22324,1.9062556,1205.6906,1.0,0.0,2.62959174573055,-88.1093979,34.05117483820898,26.14635574663334,43,0.794818103313446,0.06830367,0
26.645834,19.0,1512.0,30.0,17618,0.85640913,1901.35,0.86,1089.427001953125,0.301305679513185,7862.3999023,34.633677375609444,27.13429261050119,20,1.2446894645690918,3.9852276,7
26.9875,21.1,3290.0,23.0,18462,0.6802139,1870.6986,0.3,750.3220825195312,2.13451764705882,293.7720032,31.977256726341505,29.262305571094487,12,1.3145147562026978,54.631836,15
26.441666,21.0,1973.0,43.0,18438,0.7459326,1442.9316,0.22,794.439208984375,1.9693,-666.7800293,31.606393894225587,29.814259996059725,160,17.97899627685547,2.8859344,5.2
27.633333,19.5,1819.0,2.0,18218,0.9785922,1625.026,0.54,2202.912109375,1.36033823529412,5405.75,33.48657487570119,29.052720680980944,4,1.5321005582809448,23.689396,4
27.145834,14.3,68.0,0.0,21208,1.5836476,601.4121,0.0,0.0,1.30841470588235,-29.4237995,38.40722666300883,28.252403183237384,150,3.8712716102600098,12.041014,0
20.125,9.1,1259.0,31.0,14954,0.49303737,884.39374,2.36,407.3670043945313,4.76724636881145,157.0780029,30.105228748283288,22.2956648591266,9,2.196202754974365,1313.662,0
24.041666,14.7,1605.0,25.0,15677,0.54292136,1233.5491,2.5,555.8267822265625,1.97423096264368,-42.5475998,31.993040616955263,25.13625694089884,2,0.1091835349798202,112.76991,6.42
21.65,16.9,2602.0,72.0,17393,0.42018616,2158.9187,0.0,1884.6490478515625,0.568865869187729,-1005.3300171,32.19636386894674,29.43120213161525,586,1.00652015209198,247.43346,4
22.245832,17.2,2664.0,121.0,15809,0.38442764,2141.8865,0.02,1760.501953125,1.44911176470588,-8928.6796875,31.007699070460973,30.225752788220312,915,19.753772735595703,48.86812,7.1
27.125,22.0,1442.0,1.0,17933,0.7433949,1268.861,0.66,322.9974060058594,2.33458741032999,1829.3800049,29.89656777998045,28.33945098985765,5,0.154408648610115,142.43346,8.9
9.9,0.7,3139.0,62.0,14644,0.1256757,976.6903,3.26,0.0,1.39174411764706,-691.9949951,34.54794352145056,26.61526067860372,2157,4.662942886352539,32.29314,8.9
28.579166,21.0,1265.0,13.0,20428,1.113084,2139.4492,0.76,248.08169555664065,0.704247222701397,179.2369995,33.28591125026829,28.924188249027445,1,0.5459018349647522,570.43744,0.41
22.958334,14.0,2121.0,109.0,14883,0.721818,1595.3829,3.14,0.0,1.45178823529412,981.1929932,34.61339338405229,25.91387384624877,38,2.863554716110229,2872.9116,4.3
25.9,19.2,2063.0,89.0,19210,0.7342768,1673.9684,0.72,775.58447265625,0.574935294117647,1800.0,35.33196462662052,28.01185956399793,14,1.0971481800079346,53.299973,17
26.741667,21.8,1487.0,33.0,18103,0.720566,1945.8169,0.1,570.0640258789062,1.89477352941176,990.2080078,33.70771864149658,28.258165632188632,5,0.308815062046051,292.80765,6.3
26.525,18.9,1489.0,30.0,17666,0.8287678,1901.35,0.86,1089.427001953125,0.331251893171062,4583.0097656,34.8141067256333,27.14233978993645,14,1.3325161933898926,10.478669,11
12.441667,1.4,934.0,53.0,16595,0.40406457,834.99945,0.02,115.32080078125,1.22505882352941,175.5879974,35.58661267867057,21.03673533642356,787,2.4399449825286865,0.0,2
26.354166,22.0,3509.0,190.0,16793,0.41132262,2076.4116,2.28,0.0,1.33307352941176,328.0,33.92681625320244,29.346078605900946,305,15.979059219360352,65.93545,8
26.770834,19.2,1478.0,24.0,17937,0.8647426,2268.217,0.78,1363.18798828125,0.460796999831451,197.0650024,33.80664894411761,27.55517907113554,9,1.3145147562026978,3.2656662,0
27.191666,21.8,2470.0,37.0,14921,0.7319653,1926.561,2.38,1166.635009765625,2.04832647058824,-1327.4300537,33.1373311140025,29.32622445405043,158,1.5628844499588013,140.8937,2.89
26.341667,20.8,1194.0,15.0,16888,0.75098777,2154.4854,0.0,237.2115020751953,2.49952352941177,253.0939941,34.592257888023795,27.56772292861192,6,0.771998405456543,79.035675,12
27.679167,22.5,1888.0,2.0,17276,0.81374,1268.861,0.66,322.9974060058594,2.33458741032999,2034.4100342,30.181164772953775,28.29348256605036,9,2.355623245239258,133.04895,19.3
25.95,21.6,2091.0,56.0,18965,0.52830815,2043.4119,0.0,1389.6390380859375,1.86905588235294,-2751.6499023,31.003023544263257,27.319830644360103,11,1.611652374267578,2.5177634,2.8
24.041666,14.7,1605.0,25.0,15677,0.54292136,1233.5491,2.5,555.8267822265625,1.97423096264368,-42.5475998,31.993040616955263,25.13625694089884,2,0.1091835349798202,112.76991,6.08
26.9875,21.1,3290.0,23.0,18462,0.6802139,1870.6986,0.3,750.3220825195312,2.13313529411765,349.4320068,31.977256726341505,29.262305571094487,14,0.3452648818492889,54.631836,14
26.833334,15.6,1474.0,9.0,18267,0.8374062,1202.1724,2.4,296.0495910644531,1.68914833534587,1612.0300293,30.14061648427228,27.90823055536747,3,0.771998405456543,402.95212,0
22.7,11.0,1964.0,36.0,13843,0.6868251,899.2965,2.44,761.181884765625,0.0,-278.5190125,32.14374679103725,25.023123931153595,-5,0.5459018349647522,2188.4458,3.28
20.729166,9.5,1215.0,35.0,18240,0.7790745,948.8875,0.28,0.0,1.55383243056754,65.7913971,35.4892337357217,23.668524775483988,4,2.320007801055908,1.6822815,16.4
17.841667,7.0,1129.0,59.0,16666,0.6461391,931.8298,0.02,250.9239959716797,0.0,1218.5,35.571432776452355,20.989840914546576,9,2.249722003936768,1127.7604,8.15
27.175,21.9,2222.0,8.0,17428,0.68176955,1140.7559,0.46,1225.281982421875,1.98773419332645,-12619.0,30.553045243983167,28.82734985378901,3,0.7642403244972229,193.28975,0
26.629168,19.1,1457.0,30.0,19947,0.8579199,2251.951,0.68,645.3012084960938,0.182936027255477,1157.0600586,36.043281089983005,28.395094048781985,47,0.3936611115932464,7.9614725,2
25.954166,19.2,2062.0,89.0,19175,0.740977,1673.9684,0.72,775.58447265625,0.560117647058824,3000.0,35.33196462662052,28.01185956399793,5,0.4367262125015259,53.299976,2
26.833334,22.5,2068.0,5.0,18900,0.74902624,1892.1493,0.0,916.4545288085938,0.95193077640278,-472.3760071,33.148131897543955,28.963701499012465,3,0.1091835349798202,270.22675,3
27.154167,22.0,1433.0,1.0,17894,0.75650245,1268.861,0.64,322.9974060058594,2.33458741032999,1363.75,29.89656777998045,28.33945098985765,4,1.2730798721313477,163.98697,12.9
26.954166,20.6,1170.0,7.0,20648,0.7778039,2045.3639,0.46,549.5191040039062,2.04795882352941,237.4080048,32.99915793163467,28.608305165224927,6,0.6990818977355957,22.146961,6
26.770834,19.2,1478.0,24.0,17937,0.8647426,2268.217,0.78,1363.18798828125,0.460796999831451,197.0650024,33.80664894411761,27.55517907113554,9,1.3145147562026978,3.2656662,0
26.141666,21.7,2355.0,85.0,18841,0.5584123,1356.4684,0.0,1392.23095703125,1.88765,-4855.3999023,31.205352715984183,27.322533634737717,17,0.771998405456543,2.5174508,24.8
27.3125,13.0,125.0,0.0,22008,1.559451,1488.2347,0.0,0.0,1.36871764705882,-380.3089905,38.42802272186312,28.28895086708761,3,0.6990818977355957,79.15866,0
26.9875,21.1,3290.0,23.0,18462,0.6802139,1870.6986,0.3,750.3220825195312,2.13660294117647,190.3609924,31.977256726341505,29.262305571094487,9,1.6661465167999268,54.631836,7
26.341667,20.7,1222.0,15.0,16750,0.7559879,2154.4854,0.0,237.2115020751953,2.50024705882353,829.559021,34.592257888023795,27.56772292861192,5,2.663592576980591,81.34559,3
27.2125,20.7,758.0,6.0,20737,0.74711245,1254.0654,0.24,646.8671875,1.54870522684147,-468.0020142,33.70341326376138,28.949825948436832,10,5.244287490844727,66.82992,5
26.954166,20.6,1170.0,7.0,20648,0.7778039,2045.3639,0.46,549.5191040039062,2.04795882352941,237.4080048,32.99915793163467,28.608305165224927,6,0.6990818977355957,22.146961,6.74
26.291666,22.1,3333.0,165.0,16797,0.4145458,2068.5054,2.6,0.0,1.33112650508884,586.4559937,33.92600030332098,29.3494350259132,18,0.9327832460403442,10.660388,20
23.754166,13.6,1257.0,37.0,17951,0.7679141,1938.4958,0.8,126.34729766845705,1.02624705882353,401.7669983,36.28115769277713,26.21343290715672,10,0.6176121830940247,4.5417666,8.2
26.4625,19.6,1310.0,36.0,18282,0.75035197,1417.5403,1.0,6.613067150115967,0.178472321890633,-293.7170105,36.01076609477227,28.036301809402108,7,0.244140625,0.0071779126,6.5
27.420834,21.1,2980.0,3.0,17877,1.0136038,2061.315,3.9,969.5346069335938,0.731049105607155,193.8079987,33.21588400828308,28.939750688897423,27,6.956776142120361,608.5283,7.84
26.570833,18.9,1485.0,30.0,17666,0.84098417,1901.35,0.86,1089.427001953125,0.350470892494929,4621.2299805,34.633677375609444,27.13429261050119,3,0.3936611115932464,3.4842646,4
27.466667,23.3,3422.0,80.0,16792,0.6568362,1989.1254,3.1,1702.0980224609375,1.59373529411765,879.3449707,33.51128651551279,28.903288256025697,3,1.00652015209198,522.1905,16.6
22.7,11.0,1964.0,36.0,13843,0.6868251,899.2965,2.44,761.181884765625,0.0,-278.5190125,32.14374679103725,25.023123931153595,-5,0.5459018349647522,2188.4458,3.69
25.954166,19.2,2062.0,89.0,19175,0.740977,1673.9684,0.72,775.58447265625,0.564461764705882,2900.0,35.33196462662052,28.01185956399793,4,0.5459018349647522,53.299976,5
21.708334,9.0,1652.0,28.0,16013,0.55021435,902.8941,3.02,384.060302734375,2.06927647058824,-229.7969971,32.20128183296575,25.78496281683699,47,1.82962965965271,107.86136,10.2
26.929167,13.3,118.0,0.0,22085,1.4808931,1668.7413,0.0,0.0,1.355,88.7965012,38.66082238080084,28.29557975027373,1,0.976473867893219,1330.079,1
25.320833,20.9,3004.0,219.0,17384,0.67071205,2133.4365,3.72,0.0,1.5,-524.4060059,34.03175359969806,29.26447986782701,12,2.6276471614837646,1.9052662,15
26.0625,17.9,2611.0,61.0,16930,0.84003377,2131.908,0.84,872.09228515625,0.439552387041773,-92.5292969,33.63314352337812,28.005749150958927,7,1.543716549873352,44.30549,12
22.7,11.0,1964.0,36.0,13843,0.6868251,899.2965,2.44,761.181884765625,0.0,-278.5190125,32.14374679103725,25.023123931153595,-5,0.5459018349647522,2188.4458,3.1
26.783333,16.4,1507.0,8.0,21391,1.0673761,1399.9906,0.9,576.7805786132812,0.0,989.6209717,34.03843291707974,28.3477142380238,9,0.244140625,21.470064,9.98
27.333334,21.2,2839.0,3.0,18050,0.9813106,1149.3989,3.84,1917.6519775390625,0.709691415868673,228.8730011,33.15030118306204,28.99439107007899,5,0.6550734639167786,548.83093,2
27.125,21.3,1931.0,39.0,18029,0.761211,1413.7781,0.32,637.5902099609375,1.15759746376812,249.1340027,31.806358535251235,29.51457080139862,11,0.4367262125015259,63.44525,0
27.583334,22.4,1814.0,2.0,17499,0.80939364,2096.702,0.42,719.8737182617188,1.05320963488844,99.1626968,32.38001966818015,28.69542908398576,1,0.4632169902324676,58.84917,11.8
21.204166,8.4,1571.0,30.0,15507,0.5567792,773.9766,2.88,423.8460998535156,2.76493823529412,-1009.2299805,32.1779327883861,25.602978092162477,122,2.249722003936768,2.9458091,1.18
27.6875,22.5,1868.0,2.0,17246,0.8196721,1305.794,0.66,830.3447875976562,0.0,3433.2700195,30.085678625695447,28.30950099327978,7,0.308815062046051,129.09233,15
27.525,19.8,1759.0,1.0,18577,0.9621374,1625.026,0.54,2202.912109375,1.35214117647059,2415.0800781,33.50970486851234,28.959292266328337,15,3.0170793533325195,22.147747,10
28.441668,22.5,1577.0,1.0,21472,1.2084534,1338.797,0.26,839.9188842773438,2.42912361566327,62.892601,31.855655455385826,29.59010013959642,8,0.5879514217376709,430.55734,23
28.241667,24.1,1878.0,104.0,17153,0.7911474,1939.8911,0.0,499.034912109375,1.58664004189213,-160.8300018,32.03890542812664,29.32653996764577,7,1.543716549873352,30.4813,0
23.804167,13.3,1261.0,38.0,17878,0.7842559,1938.4958,0.84,126.34729766845705,1.01872647058824,502.0090027,36.28115769277713,26.21343290715672,4,1.0299257040023804,34.018707,6.5
27.558332,23.2,1563.0,17.0,16926,0.66121787,2043.8812,1.48,242.9788055419922,1.29175294117647,-246.6000061,33.261885586121664,29.229124589668217,6,0.5459018349647522,727.40924,7
28.041666,24.0,2068.0,127.0,17147,0.7686867,2074.2678,0.0,754.7039184570312,1.5720832687566,22.1536999,28.836065812945773,29.64759691965321,7,2.762167930603028,22.638544,6
23.933332,14.4,1737.0,27.0,15484,0.49426034,1524.9095,2.5,336.6214904785156,3.5,-136.9049988,32.57163110224803,25.630416456131687,5,0.6990818977355957,576.41406,6.4
26.304167,15.1,1750.0,4.0,17804,0.7285405,1763.8553,2.44,750.168701171875,2.28886458513024,412.9370117,27.95165460468066,27.71986125087106,3,0.6366184949874878,968.2062,5.6
25.883333,19.2,2066.0,85.0,19243,0.7186137,1673.9684,0.72,775.58447265625,0.581261764705882,1000.0,36.13236061602927,27.87219971634729,15,0.4882723987102508,53.31344,14
26.554167,14.9,1550.0,2.0,17742,0.84876305,1736.1135,2.4,621.8372802734375,1.96167957564257,-559.7800293,21.1881908325806,27.69337423823802,4,0.308815062046051,82.10749,5.91
26.558334,22.0,2885.0,109.0,17916,0.59135085,1432.7133,0.06,1847.8699951171875,1.30008823529412,2180.8300781,33.69925432653528,28.29632824567758,3,0.4632169902324676,603.8418,3.16
27.479166,24.1,2760.0,125.0,16956,0.6462461,2133.4365,3.7,0.0,1.5,26.4178009,34.03819265428198,29.26019880130104,8,0.3275474309921264,62.732635,4
27.583334,22.4,1814.0,2.0,17499,0.80939364,2096.702,0.42,719.8737182617188,1.05320963488844,99.1626968,32.38001966818015,28.69542908398576,1,0.4632169902324676,58.84917,14.4
18.8,9.2,956.0,27.0,16383,0.6742552,1571.9684,0.02,323.7456970214844,1.29777045497419,-255.0890045,35.36955923340054,24.5452195114431,592,15.538589477539062,60.347,7.37
27.154167,22.0,1433.0,1.0,17894,0.75650245,1268.861,0.64,322.9974060058594,2.33458741032999,1393.0300293,29.89656777998045,28.33945098985765,6,0.1091835349798202,163.98697,14.6
26.658333,21.7,2371.0,122.0,16107,0.6126856,2015.0208,0.04,572.2650146484375,3.26865219941349,-412.9370117,30.81004200921372,30.45461713325304,12,1.943214535713196,104.500824,12.1
21.7875,9.1,1656.0,28.0,16058,0.5512831,1053.1106,3.08,372.0280151367188,2.04355882352941,-265.9419861,30.352629309053693,25.58625751883391,39,6.759824275970459,64.74075,8.4
14.679167,8.9,2555.0,72.0,18362,0.033247262,1882.176,0.12,2336.47705078125,0.359111799206486,-213.1040039,35.41279613846249,28.87949029967092,2049,23.02896881103516,1.0442368,3.94
21.975,13.0,1568.0,5.0,20826,0.74861294,2184.8467,0.74,895.3724975585938,3.0,775.5109863,34.77848503432811,28.46969535669004,11,0.4882723987102508,59.929375,6.67
26.9875,21.1,3290.0,23.0,18462,0.6802139,1870.6986,0.3,750.3220825195312,2.13588823529412,190.2489929,31.977256726341505,29.262305571094487,13,1.6697161197662354,54.631836,12
25.179167,17.1,1415.0,53.0,17922,0.9975555,1273.5645,0.66,0.0,0.596438235294118,26.4281006,36.04040938158565,28.24002300530609,202,6.399343967437744,24.837168,10
22.629166,10.9,1982.0,37.0,13727,0.68098253,899.2965,2.4,761.181884765625,0.0,-200.5279999,32.14374679103725,25.023123931153595,9,0.244140625,5031.792,3.9
26.9875,21.1,3290.0,23.0,18462,0.6802139,1870.6986,0.3,750.3220825195312,2.13175588235294,71.1332016,31.695132965777017,29.657142792847477,12,1.091704487800598,54.631836,19
26.870834,21.0,3295.0,23.0,18454,0.6698032,1870.6986,0.3,750.3220825195312,2.13108529411765,405.0920105,31.977256726341505,29.262305571094487,14,0.5459018349647522,54.654892,16
26.804167,14.7,1537.0,7.0,18378,1.0778424,1202.1724,2.42,296.0495910644531,1.61946025530447,-366.4079895,30.40103433130923,28.096408684136254,64,7.712043762207031,276.6357,3
22.7,11.0,1964.0,36.0,13843,0.6868251,899.2965,2.44,761.181884765625,0.0,-278.5190125,32.14374679103725,25.023123931153595,-5,0.5459018349647522,2188.4458,2.68
25.95,21.6,2091.0,56.0,18965,0.52830815,2043.4119,0.0,1389.6390380859375,1.86988529411765,-2289.0200195,31.003023544263257,27.319830644360103,12,0.5567121505737305,2.5177634,5
25.595833,20.9,2563.0,81.0,18373,0.5590421,2043.4119,0.0,1389.6390380859375,1.86884705882353,-5926.1000977,31.099578754188524,27.324806208386978,124,2.452099561691284,16.505392,19.6
25.8,21.1,2517.0,79.0,18444,0.5840778,1356.4684,0.0,1392.23095703125,1.88779117647059,-6858.5498047,21.72068125417882,28.287252748314085,101,4.41285514831543,0.12299267,15
27.35,24.0,2767.0,125.0,16955,0.61876684,2133.4365,3.7,0.0,1.16361041918234,252.0,33.98646951216674,29.326731759353716,16,1.6226979494094849,17.059162,0
26.804167,14.7,1537.0,7.0,18378,1.0778424,1202.1724,2.42,296.0495910644531,1.61946025530447,-366.4079895,30.40103433130923,28.096408684136254,64,7.712043762207031,276.6357,3
27.583334,22.4,1814.0,2.0,17499,0.80939364,2096.702,0.42,719.8737182617188,1.05320963488844,99.1626968,32.38001966818015,28.69542908398576,1,0.4632169902324676,58.84917,14.6
25.658333,18.5,1934.0,2.0,19420,0.79075,1338.797,0.26,839.9188842773438,2.42912361566327,84.9769974,31.855655455385826,29.59010013959642,157,5.452481746673584,67.07563,16
26.870834,21.0,3295.0,23.0,18454,0.6698032,1870.6986,0.3,750.3220825195312,2.12966470588235,182.4530029,31.977256726341505,29.262305571094487,21,12.18952751159668,54.654892,18
23.558332,15.8,1236.0,53.0,15574,0.52191585,1593.173,0.02,171.4261016845703,1.09862941176471,-43.915699,36.9194545206211,25.4602584417868,-1,0.6366184949874878,170.19438,6.5
27.233334,14.3,68.0,0.0,21291,1.6206284,1488.2347,0.0,0.0,1.31907058823529,-196.3950043,38.41368870870081,28.25957053994421,1,0.5567121505737305,29.308752,0
26.754168,22.3,2082.0,101.0,16264,0.6016413,1551.7118,0.02,572.2650146484375,2.52797647058824,-84.4917984,31.02554379995642,30.28644667267764,7,0.6990818977355957,1613.5314,5
28.208334,24.1,1942.0,114.0,17073,0.79934114,1960.8016,0.0,754.7039184570312,1.57530479691877,203.4660034,32.118080750550845,29.832322196456012,23,0.5459018349647522,25.596922,18
26.6375,19.0,861.0,40.0,18065,1.0688308,1273.5645,0.66,0.0,0.596414705882353,96.6130981,36.04040938158565,28.24002300530609,7,1.3979556560516355,35.834263,10
26.9875,21.1,3290.0,23.0,18462,0.6802139,1870.6986,0.3,750.3220825195312,2.13660294117647,301.6809998,31.977256726341505,29.262305571094487,8,0.6641085743904114,54.631836,17
22.958334,14.0,2121.0,109.0,14883,0.721818,1595.3829,3.14,0.0,1.45178823529412,981.1929932,34.61339338405229,25.91387384624877,38,2.863554716110229,2872.9116,3.2
25.908333,21.5,3077.0,46.0,17617,0.51731485,1516.6914,0.0,2316.5869140625,1.91643529411765,1088.9699707,28.885604331553985,27.37135948652673,17,2.050498962402344,252.17326,7.7
27.170834,21.7,3515.0,4.0,20006,0.75645214,1952.0841,0.44,1873.9129638671875,1.04860588235294,6.2338901,34.73750959704999,29.075705064528183,11,2.1077356338500977,663.92236,8
24.179167,14.7,1707.0,24.0,17040,0.57180554,983.5722,3.44,476.0259094238281,1.1,88.1093979,32.094249044729175,25.80643622337016,5,3.001291275024414,222.09108,6.7
22.745834,11.0,1796.0,33.0,13539,0.6939786,1212.4458,2.38,652.4906005859375,1.14199411764706,-71.9503021,30.50389313619365,24.84222592975805,3,0.831459641456604,9037.161,5.58
23.545834,19.0,2582.0,112.0,16518,0.38469878,1409.0016,0.02,1433.7969970703125,1.8,6251.8300781,33.221663038929606,28.939586156213487,517,14.625238418579102,318.79086,12
26.925,22.1,2906.0,139.0,16730,0.5672629,1589.736,0.06,2039.7669677734373,3.3,2616.8100586,31.30439293717509,30.15663191793616,0,4.298792362213135,36.83018,14
24.7125,14.7,1133.0,17.0,17277,0.89012265,2143.963,0.56,19.913349151611328,2.67957352941177,-187.0399933,24.709462324310334,26.345106424626724,108,1.746397614479065,4.956215,9.49
27.395834,21.2,2938.0,3.0,17992,0.9974405,1524.0428,3.88,969.5346069335938,0.723943740353284,35.9896011,33.21523619297588,28.94714986867185,12,0.7872850894927979,148.37074,10.53
26.833334,22.6,2352.0,10.0,17489,0.54645926,1754.8638,0.42,719.8737182617188,0.826088326058787,-573.7919922,32.30053320991246,28.649220281590157,-1,0.4501665234565735,104.10529,8
18.4625,5.3,1582.0,37.0,14522,0.4723601,912.31476,1.72,495.6791076660156,0.0,8489.2695312,29.207042691316342,21.27288757782802,1,0.4882723987102508,155.96916,1.8
15.0625,8.2,1396.0,85.0,15183,0.3292552,894.9186,0.22,762.0906982421875,1.85483529411765,110.0,35.390234168308005,17.914073086457723,5,0.4501665234565735,12.397528,1.885
26.804167,14.7,1537.0,7.0,18378,1.0778424,1202.1724,2.42,296.0495910644531,1.61946025530447,-366.4079895,30.40103433130923,28.096408684136254,64,7.712043762207031,276.6357,3
26.933332,22.4,2679.0,153.0,16894,0.58017427,1424.5536,0.0,1027.70703125,3.0,7611.8300781,32.2780849819798,29.26817490047634,12,3.382519006729126,13.15029,9.5
25.7625,22.0,6640.0,333.0,15501,0.4133203,1609.3403,0.0,4731.2177734375,0.0,258.9460144,31.36792524249454,27.50087058416915,27,2.1524252891540527,71.94019,16.24
27.466667,23.3,3422.0,80.0,16792,0.6568362,1989.1254,3.1,1702.0980224609375,1.59373529411765,879.3449707,33.51128651551279,28.903288256025697,3,1.00652015209198,522.1905,8.4
22.895834,11.2,1648.0,25.0,16432,0.6087623,856.5301,2.88,381.1677856445313,2.53,0.0,32.117501898729905,25.55284459330425,3,0.794818103313446,259.46362,2.14
23.933332,14.4,1737.0,27.0,15484,0.49426034,1524.9095,2.5,336.6214904785156,3.5,-261.9700012,32.55116777885841,25.578996748991337,2,0.1091835349798202,576.41406,3.1
26.7875,22.8,2309.0,143.0,16514,0.5104234,1324.8208,0.02,1134.719970703125,1.27903235294118,-623.5020142,30.922244317700848,29.98450247303303,7,0.6905047297477722,34.301266,23.1
26.933332,21.9,3106.0,148.0,16683,0.57235277,1589.736,0.06,2039.7669677734373,1.56899728307745,438.5509949,31.302024873790245,30.166753369759984,11,1.00652015209198,118.492256,30
24.041666,14.7,1605.0,25.0,15677,0.54292136,1233.5491,2.5,555.8267822265625,1.97423096264368,-42.5475998,31.993040616955263,25.13625694089884,2,0.1091835349798202,112.76991,13.4
25.595833,20.9,2563.0,81.0,18373,0.5590421,2043.4119,0.0,1389.6390380859375,1.86884705882353,-5926.1000977,31.099578754188524,27.324806208386978,124,2.452099561691284,16.505392,2.8
27.566668,13.6,104.0,0.0,22291,1.645391,812.2219,0.0,0.0,1.31112647058824,4940.2099609,38.3763241423967,28.004838379797324,2,1.1133191585540771,682.04565,0
26.504166,22.2,2870.0,126.0,18415,0.6102436,1971.7285,0.0,775.4176025390625,2.5,48.9641991,33.68422106360352,29.39408161154135,7,0.5879514217376709,102.27795,4
23.1125,13.3,1767.0,18.0,16626,0.54315346,1153.7417,2.42,628.8157958984375,1.06177791961359,-1106.1400146,33.843124883884535,27.3050754251332,-1,1.091704487800598,66.43575,4
26.383333,22.2,1744.0,81.0,17147,0.5907242,2133.4365,3.7,0.0,1.17532553907193,-5125.1098633,34.03341038025318,29.269146021630103,148,3.491255521774292,36.636196,10
26.8375,22.0,2838.0,136.0,16793,0.5482405,1589.736,0.06,2039.7669677734373,1.55658099016733,1593.6899414,31.30439293717509,30.15663191793616,20,0.3452648818492889,149.75745,23
26.954166,20.6,1170.0,7.0,20648,0.7778039,2045.3639,0.46,549.5191040039062,2.04795882352941,237.4080048,32.99915793163467,28.608305165224927,6,0.6990818977355957,22.146961,4.22
23.9375,11.6,714.0,5.0,17831,0.9404562,1082.9696,0.44,80.76426696777344,3.44530760233918,-1521.6400146,20.413673221470557,26.52900036586123,93,0.154408648610115,10.825112,4.8
27.429167,22.7,1628.0,48.0,15618,0.6516593,1886.4208,2.2,1110.3480224609375,1.52806470588235,154.4869995,33.08729895849709,29.05867105226536,1,0.6176121830940247,607.804,11.1
26.804167,14.7,1537.0,7.0,18378,1.0778424,1202.1724,2.42,296.0495910644531,1.61946025530447,-366.4079895,30.40103433130923,28.096408684136254,64,7.712043762207031,276.6357,3
28.633333,21.8,1552.0,3.0,20875,1.2740391,1422.1818,0.24,839.9188842773438,2.19979315163015,7220.0,33.05214390434187,28.424910392070014,2,0.0,47.980747,14
26.954166,20.6,1170.0,7.0,20648,0.7778039,2045.3639,0.46,549.5191040039062,2.04795882352941,237.4080048,32.99915793163467,28.608305165224927,6,0.6990818977355957,22.146961,3.67
22.958334,14.0,2121.0,109.0,14883,0.721818,1595.3829,3.14,0.0,1.45178823529412,981.1929932,34.61339338405229,25.91387384624877,38,2.863554716110229,2872.9116,4.2
27.583334,22.4,1814.0,2.0,17499,0.80939364,2096.702,0.42,719.8737182617188,1.05320963488844,99.1626968,32.38001966818015,28.69542908398576,1,0.4632169902324676,58.84917,13.7
22.804167,11.4,1252.0,38.0,17227,0.7996647,1844.6682,0.92,126.34729766845705,0.751808823529412,153.348999,35.99812404794703,25.813383105474493,4,0.9327832460403442,697.5067,3
28.570833,21.0,1268.0,13.0,20621,1.1005368,2139.4492,0.76,248.08169555664065,0.704273641538727,252.5,33.28591125026829,28.924188249027445,2,0.852688729763031,776.8664,6.17
26.395834,15.0,1757.0,4.0,17805,0.7505526,1763.8553,2.44,750.168701171875,0.0,243.7949982,27.627213045995106,27.751936949029997,8,0.4882723987102508,659.28876,6.86
24.7125,14.7,1133.0,17.0,17277,0.89012265,2143.963,0.56,19.913349151611328,2.67957352941177,-187.0399933,24.709462324310334,26.345106424626724,108,1.746397614479065,4.956215,8.5
26.954166,20.6,1170.0,7.0,20648,0.7778039,2045.3639,0.46,549.5191040039062,2.04795882352941,237.4080048,32.99915793163467,28.608305165224927,6,0.6990818977355957,22.146961,4.25
26.770834,19.2,1478.0,24.0,17937,0.8647426,2268.217,0.78,1363.18798828125,0.460796999831451,197.0650024,33.80664894411761,27.55517907113554,9,1.3145147562026978,3.2656662,0
25.1875,20.4,2730.0,111.0,16964,0.6381192,1826.2698,0.0,1433.7969970703125,1.8,-1667.8399658,32.38334615927219,29.407702199487066,304,2.8821651935577397,67.24796,5
27.4375,13.7,72.0,0.0,21560,1.6473246,1488.2347,0.0,0.0,1.29652058823529,-320.4169922,38.49979585932037,27.92907972308204,-1,0.3275474309921264,29.27368,1
27.266666,19.5,1454.0,5.0,18693,0.9243612,1145.2026,0.16,2009.18798828125,0.0,-95.9200974,27.687572774269583,29.57524891071085,69,1.7258232831954956,89.0027,1.7
25.870832,19.1,2073.0,86.0,19239,0.72048384,1673.9684,0.72,775.58447265625,0.581261764705882,1400.0,35.35836914772091,28.01078621775203,15,1.4232879877090454,53.313435,17
26.316668,21.9,2974.0,129.0,18443,0.5889444,1971.7285,0.0,775.4176025390625,1.58860882352941,489.5889893,33.646634771165225,29.47184005603758,21,4.479349613189697,186.316,10
21.904167,10.5,1291.0,53.0,17450,0.6502729,1841.9019,1.28,199.3917999267578,1.25291470588235,3473.3100586,36.1487325071036,24.68302871413566,-1,0.852688729763031,0.0,0
25.6875,17.4,1503.0,23.0,17889,0.70727044,1822.6023,3.24,13.892580032348633,1.06730588235294,-182.4530029,33.486142711011034,27.37595259619696,3,0.852688729763031,396.46243,1.49
14.679167,8.9,2555.0,72.0,18362,0.033247262,1882.176,0.12,2336.47705078125,0.359111799206486,-213.1040039,35.41279613846249,28.87949029967092,2049,23.02896881103516,1.0442368,4.14
22.629166,10.9,1982.0,37.0,13727,0.68098253,899.2965,2.4,761.181884765625,1.36,-200.5279999,32.14374679103725,25.023123931153595,9,0.244140625,5031.792,2.38
26.870834,21.0,3295.0,23.0,18454,0.6698032,1870.6986,0.3,750.3220825195312,2.12897647058824,405.0920105,31.977256726341505,29.262305571094487,17,1.3145147562026978,54.654892,20
26.804167,14.7,1537.0,7.0,18378,1.0778424,1202.1724,2.42,296.0495910644531,1.61946025530447,-366.4079895,30.40103433130923,28.096408684136254,64,7.712043762207031,276.6357,3
23.558332,15.8,1236.0,53.0,15574,0.52191585,1593.173,0.02,171.4261016845703,1.09862941176471,-43.915699,36.9194545206211,25.4602584417868,-1,0.6366184949874878,170.19438,5
26.370832,18.7,1516.0,29.0,20074,0.8643017,2251.951,0.7,645.3012084960938,0.183414688632051,48.4145012,36.05310634562956,28.380664562504585,5,0.244140625,87.3139,4
25.775,21.5,2421.0,83.0,13378,0.43163157,1112.7484,0.0,1539.56005859375,2.46972941176471,1252.4100342,32.33920551961327,27.007198909595623,15,0.852688729763031,15.1749,40.13
24.179167,14.7,1707.0,24.0,17040,0.57180554,983.5722,3.44,476.0259094238281,1.1,88.1093979,32.094249044729175,25.80643622337016,5,3.001291275024414,222.09108,2.21
17.841667,7.0,1129.0,59.0,16666,0.6461391,931.8298,0.02,250.9239959716797,0.0,1218.5,35.571432776452355,20.989840914546576,9,2.249722003936768,1127.7604,6.53
24.7125,14.7,1133.0,17.0,17277,0.89012265,2143.963,0.56,19.913349151611328,2.67957352941177,-187.0399933,24.709462324310334,26.345106424626724,108,1.746397614479065,4.956215,23.5
26.9875,21.1,3290.0,23.0,18462,0.6802139,1870.6986,0.3,750.3220825195312,2.13660294117647,23.382,31.695132965777017,29.657142792847477,9,1.5321005582809448,54.631836,8
22.691668,18.5,1891.0,36.0,16514,0.2705169,1590.4266,1.5,242.9788055419922,1.28982352941176,-12.5289001,33.16468845052496,29.06767779468484,3,0.9327832460403442,40.74691,5
9.9,0.7,3139.0,62.0,14644,0.1256757,976.6903,3.26,0.0,1.39174411764706,-691.9949951,34.54794352145056,26.61526067860372,2157,4.662942886352539,32.29314,6.3
28.1375,22.2,1650.0,1.0,21381,1.1486115,1469.6271,0.26,879.1890258789062,2.27461825081939,480.5820007,31.86077900450581,29.63792883858734,20,1.0807349681854248,27.052927,17
28.570833,21.0,1268.0,13.0,20621,1.1005368,2139.4492,0.76,248.08169555664065,0.704273641538727,252.5,33.28591125026829,28.924188249027445,2,0.852688729763031,776.8664,4.46
22.7,11.0,1964.0,36.0,13843,0.6868251,899.2965,2.44,761.181884765625,0.0,-278.5190125,32.14374679103725,25.023123931153595,-5,0.5459018349647522,2188.4458,2.1
26.691666,22.8,2555.0,96.0,17048,0.48969778,1328.2854,0.0,1575.884033203125,0.0,210.2359924,31.90314896118809,29.719602201904284,16,0.831459641456604,56.884632,15
22.629166,10.9,1982.0,37.0,13727,0.68098253,899.2965,2.4,761.181884765625,1.36,-200.5279999,32.14374679103725,25.023123931153595,9,0.244140625,5031.792,3.78
27.6,19.7,1787.0,2.0,18417,0.9701261,1625.026,0.54,2202.912109375,1.35691176470588,3674.1101074,33.498075746717255,29.007428137999263,13,1.484726071357727,23.689398,16
27.35,24.0,2767.0,125.0,16955,0.61876684,2133.4365,3.7,0.0,1.16361041918234,0.0,33.98646951216674,29.326731759353716,16,1.6226979494094849,17.059162,0
26.858334,22.7,2290.0,7.0,17553,0.5643201,1995.0734,0.46,1180.6629638671875,2.31763786441263,1672.4599609,30.07867584766652,28.90207690372394,2,0.831459641456604,108.14497,0
27.233334,14.3,68.0,0.0,21291,1.6206284,1488.2347,0.0,0.0,1.31972647058824,312.2179871,38.41368870870081,28.25957053994421,0,0.154408648610115,29.308752,0
26.804167,14.7,1537.0,7.0,18378,1.0778424,1202.1724,2.42,296.0495910644531,1.61946025530447,-366.4079895,30.40103433130923,28.096408684136254,64,7.712043762207031,276.6357,3
19.595833,14.2,3070.0,164.0,15434,0.16025311,1416.5862,0.1,1228.886962890625,1.13058330633841,-191.201004,30.070231797683903,29.80810718604318,1303,7.791577339172363,5.349649,0
27.654167,22.4,1681.0,1.0,17519,0.83093697,1754.8638,0.42,719.8737182617188,0.82508425117643,-643.3649902,32.30053320991246,28.649220281590157,2,0.4501665234565735,23.039598,5
26.3125,15.0,1742.0,4.0,17833,0.7233309,1763.8553,2.46,750.168701171875,2.89645662411592,1077.7199707,28.10934806126192,27.73893875994335,6,0.244140625,848.47266,5.25
27.475,19.5,1817.0,2.0,18489,0.9433825,1625.026,0.54,2202.912109375,1.36076764705882,5259.9599609,33.47103887418686,29.108240354693653,21,0.6366184949874878,7.113465,21
26.529167,18.9,873.0,37.0,18099,1.0477022,1273.5645,0.66,0.0,0.596467647058823,217.651001,36.042568856595786,28.236483296447293,9,1.6226979494094849,46.382294,6.5
28.570833,21.0,1268.0,13.0,20621,1.1005368,2139.4492,0.76,248.08169555664065,0.704273641538727,252.5,33.28591125026829,28.924188249027445,2,0.852688729763031,776.8664,3
20.729166,9.5,1215.0,35.0,18240,0.7790745,948.8875,0.28,0.0,1.55383243056754,65.7913971,35.4892337357217,23.668524775483988,4,2.320007801055908,1.6822815,9.7
27.504168,22.9,1398.0,1.0,17824,0.7875786,2008.7943,0.6,719.8737182617188,2.39553296084391,1324.0799561,31.11168471272892,28.620833830039853,4,0.4367262125015259,287.87137,9.77
26.4875,19.0,1445.0,28.0,17756,0.8138072,1901.35,0.86,1089.427001953125,0.444546406170537,661.0079956,34.75980623673585,27.22061951003467,7,2.355623245239258,3.5924985,9
27.2125,21.7,3550.0,4.0,19938,0.77305895,1465.1455,0.44,1770.157958984375,1.04681176470588,1387.3199463,34.726534542345405,29.071681967947825,12,2.6411843299865723,699.3037,12
26.383333,20.0,2859.0,6.0,17043,0.9313469,2089.4492,3.82,1917.6519775390625,0.692224008207934,-7887.0898438,33.15510371256083,28.94906602154242,233,3.1234467029571533,12.638179,1.72
22.7,11.0,1964.0,36.0,13843,0.6868251,899.2965,2.44,761.181884765625,0.0,-278.5190125,32.14374679103725,25.023123931153595,-5,0.5459018349647522,2188.4458,3.5
27.179167,23.5,3883.0,214.0,18183,0.63544506,1762.8806,0.1,2378.617919921875,1.31429623323013,522.9089966,31.63965126404344,29.414073839139014,12,0.5459018349647522,37.15993,12.16
25.916666,19.3,2060.0,87.0,19239,0.7201999,1673.9684,0.72,775.58447265625,0.580914705882353,0.0,36.13280231531563,27.87244211101282,9,0.5567121505737305,29.667816,2
24.179167,14.7,1707.0,24.0,17040,0.57180554,983.5722,3.44,476.0259094238281,1.1,88.1093979,32.094249044729175,25.80643622337016,5,3.001291275024414,222.09108,5.87
21.045834,11.5,2874.0,172.0,14737,0.40551594,1109.5964,2.42,2520.26611328125,2.43080563222356,2784.8898926,32.21834370881384,23.441194841361085,3,2.239120960235596,1809.748,3.8
27.245834,23.8,2804.0,126.0,16848,0.59563476,2133.4365,3.72,0.0,1.16711122132137,-468.7489929,34.03175359969806,29.26447986782701,12,1.651790976524353,20.689049,16
26.316666,13.4,1965.0,10.0,17792,0.7430897,1119.8074,1.66,932.0302124023438,0.0,18192.4003906,22.445868751991675,27.8348765329584,3,0.3275474309921264,119.52809,5.7
26.7875,22.8,2309.0,143.0,16514,0.5104234,1324.8208,0.02,1134.719970703125,1.27903235294118,-623.5020142,30.922244317700848,29.98450247303303,7,0.6905047297477722,34.301266,18.6
27.458334,23.1,1587.0,17.0,16914,0.64150476,1590.4266,1.5,242.9788055419922,1.20285882352941,-4.2859802,33.165105773380624,29.069430842106264,10,1.220525860786438,50.037876,15
26.725,16.6,1457.0,6.0,21613,1.0512571,1399.9906,0.9,576.7805786132812,0.0,209.076004,34.22241414195126,28.325255021823352,7,0.3275474309921264,17.772657,4.22
27.5875,21.2,1050.0,13.0,20355,0.7838331,1696.6805,0.36,0.0,0.521635042016807,1346.3499756,34.21286171255668,28.423091028505016,36,0.154408648610115,46.742664,7.2
20.125,9.1,1259.0,31.0,14954,0.49303737,884.39374,2.36,407.3670043945313,4.76724636881145,157.0780029,30.105228748283288,22.2956648591266,9,2.196202754974365,1313.662,0
26.4875,22.2,2856.0,126.0,18407,0.60854906,1982.7451,0.0,775.4176025390625,2.5,-327.7250061,33.683268198809095,29.38808180873225,5,1.2057949304580688,34.713963,4
27.020834,21.2,1820.0,46.0,18070,0.7412894,1413.7781,0.34,637.5902099609375,1.15149410822927,479.8640137,31.789173619020357,29.553661807270537,7,0.244140625,160.44156,10
26.8875,21.2,1208.0,6.0,18553,0.93181705,2175.9148,0.0,116.9268035888672,2.0957,176.3179932,36.02476613552506,27.85756831486633,8,2.6946492195129395,39.368217,8
26.5125,18.9,874.0,38.0,18143,1.0409732,1273.5645,0.66,0.0,0.596502941176471,94.9105988,36.042568856595786,28.236483296447293,11,1.484726071357727,35.45105,6.5
26.204166,21.0,3030.0,160.0,16217,0.3940247,1754.5001,3.56,1475.885009765625,1.53844411764706,80.8700027,34.164668773549685,28.946119937345998,-1,1.5164737701416016,272.67773,3
22.7,11.0,1964.0,36.0,13843,0.6868251,899.2965,2.44,761.181884765625,0.0,-278.5190125,32.14374679103725,25.023123931153595,-5,0.5459018349647522,2188.4458,3.72
22.2875,15.0,1120.0,24.0,19594,0.58784145,2240.2312,0.9,263.2568054199219,0.189254985337243,384.3049927,36.023962790629035,28.332236945652856,7,0.4501665234565735,75.72815,4
28.204166,23.4,1685.0,20.0,20286,0.9755864,1503.7059,0.5,2057.22705078125,0.366785699499741,4523.3798828,33.24656857878006,29.010034399072406,10,0.308815062046051,326.39172,2
24.041666,14.7,1605.0,25.0,15677,0.54292136,1233.5491,2.5,555.8267822265625,1.97423096264368,-42.5475998,31.993040616955263,25.13625694089884,2,0.1091835349798202,112.76991,12.5
24.041666,14.7,1605.0,25.0,15677,0.54292136,1233.5491,2.5,555.8267822265625,1.97423096264368,-42.5475998,31.993040616955263,25.13625694089884,2,0.1091835349798202,112.76991,8.1
26.870834,21.0,3295.0,23.0,18454,0.6698032,1870.6986,0.3,750.3220825195312,2.13035,405.0920105,31.977256726341505,29.262305571094487,15,0.2183662801980972,54.654892,18
26.833334,22.7,2293.0,7.0,17546,0.55906624,1995.0734,0.46,1180.6629638671875,2.33198749353114,1275.6600342,30.014365010132828,28.916303034457773,4,1.3979556560516355,104.34327,0
25.954166,22.0,3492.0,164.0,16567,0.45938197,1840.5051,0.0,896.211669921875,2.63345588235294,-32.9799995,28.519458408660007,28.017310440638163,12,2.4738266468048096,69.745926,8.76
26.291666,19.4,804.0,33.0,18246,1.0154927,2105.286,0.74,0.0,0.597008823529412,297.3569946,36.06241917400534,28.25761666514045,4,0.154408648610115,35.796738,3
27.945833,23.9,2043.0,124.0,17149,0.7576913,2074.2678,0.0,754.7039184570312,1.53803603381472,235.0800018,29.17948945541107,29.429760347570987,7,0.852688729763031,30.257288,0
27.508333,14.4,63.0,0.0,21229,1.7020255,592.07947,0.0,0.0,1.29431764705882,818.9979858,38.377360994569386,28.26200913027398,4,0.9263734221458436,29.320395,0
26.933332,21.9,3106.0,148.0,16683,0.57235277,1589.736,0.06,2039.7669677734373,1.56899728307745,438.5509949,31.302024873790245,30.166753369759984,11,1.00652015209198,118.492256,26
26.804167,14.7,1537.0,7.0,18378,1.0778424,1202.1724,2.42,296.0495910644531,1.61946025530447,-366.4079895,30.40103433130923,28.096408684136254,64,7.712043762207031,276.6357,3
24.041666,14.7,1605.0,25.0,15677,0.54292136,1233.5491,2.5,555.8267822265625,1.97423096264368,-42.5475998,31.993040616955263,25.13625694089884,2,0.1091835349798202,112.76991,6.33
27.554167,19.8,1772.0,2.0,18509,0.9653101,1625.026,0.54,2202.912109375,1.35592058823529,2963.9599609,33.498075746717255,29.007428137999263,9,0.4501665234565735,23.690332,4
20.370834,15.4,2008.0,79.0,16729,0.3148302,1842.4923,0.0,1201.864013671875,2.5,-489.2869873,33.671826039473935,29.404000460402795,0,0.0,37.85389,9.5
21.204166,8.4,1571.0,30.0,15507,0.5567792,773.9766,2.88,423.8460998535156,2.76493823529412,-1009.2299805,32.1779327883861,25.602978092162477,122,2.249722003936768,2.9458091,1.67
27.583334,22.4,1814.0,2.0,17499,0.80939364,2096.702,0.42,719.8737182617188,1.05320963488844,99.1626968,32.38001966818015,28.69542908398576,1,0.4632169902324676,58.84917,6.5
26.270834,21.3,2713.0,31.0,15712,0.62499905,1579.5983,3.0,1702.0980224609375,1.60135294117647,-253.6790009,33.23083655408554,29.01907972618825,7,1.6226979494094849,1006.5681,7
26.570833,13.4,309.0,1.0,22818,1.6852611,1684.3668,1.26,0.0,4.06768538036916,378.5270081,34.386574464894046,26.44942430555789,6,0.0,4.119262,0
27.383333,21.0,2124.0,10.0,17188,0.8418365,1524.0428,3.86,969.5346069335938,0.713057968536252,183.772995,33.213882108112145,28.95166934509045,9,0.4501665234565735,217.0561,3
25.883333,19.2,2066.0,85.0,19243,0.7186137,1673.9684,0.72,775.58447265625,0.581261764705882,1200.0,36.13236061602927,27.87219971634729,13,1.00652015209198,53.31344,16
27.504168,22.9,1398.0,1.0,17824,0.7875786,2008.7943,0.6,719.8737182617188,2.39553296084391,1324.0799561,31.11168471272892,28.620833830039853,4,0.4367262125015259,287.87137,9.77
23.545834,13.6,1542.0,13.0,16184,0.6214896,1524.9095,2.5,336.6214904785156,3.5,-451.6440125,32.57163110224803,25.630416456131687,0,0.1091835349798202,576.41406,0.5
27.4625,14.1,143.0,0.0,21614,1.5538878,1920.2449,0.0,0.0,1.46772647058823,-103.1900024,37.98314439038782,28.279344818556407,2,0.6990818977355957,92.80752,1
26.770834,19.2,1478.0,24.0,17937,0.8647426,2268.217,0.78,1363.18798828125,0.460796999831451,197.0650024,33.80664894411761,27.55517907113554,9,1.3145147562026978,3.2656662,0
9.9,0.7,3139.0,62.0,14644,0.1256757,976.6903,3.26,0.0,1.39174411764706,-691.9949951,34.54794352145056,26.61526067860372,2157,4.662942886352539,32.29314,10.1
22.883333,11.2,1658.0,25.0,16407,0.6050636,856.5301,2.86,381.1677856445313,2.53,-180.8939972,32.117501898729905,25.55284459330425,4,0.1091835349798202,260.55872,3.35
21.691668,9.1,1653.0,28.0,16046,0.5458376,1053.1106,3.06,372.0280151367188,2.05215882352941,215.2059937,30.352629309053693,25.58625751883391,51,4.56173038482666,64.729355,11.4
26.870834,21.0,3295.0,23.0,18454,0.6698032,1870.6986,0.3,750.3220825195312,2.13035,238.1119995,31.977256726341505,29.262305571094487,16,0.308815062046051,54.654892,20
21.145834,8.2,1556.0,31.0,15462,0.55937356,856.5301,2.86,381.1677856445313,2.53,-380.0599976,31.491151950900893,25.418968842614536,-1,0.5459018349647522,72.31539,1.44
26.0375,17.8,2716.0,64.0,16992,0.833551,1901.35,0.86,1089.427001953125,0.467906715402924,545.8120117,33.94939588680542,28.0048231270335,5,1.2446894645690918,1.5392034,12
23.545834,13.6,1542.0,13.0,16184,0.6214896,1524.9095,2.5,336.6214904785156,3.5,-401.7000122,32.57163110224803,25.630416456131687,0,0.244140625,576.41406,0.5
28.570833,21.0,1268.0,13.0,20621,1.1005368,2139.4492,0.76,248.08169555664065,0.704273641538727,252.5,33.28591125026829,28.924188249027445,2,0.852688729763031,776.8664,5.66
27.504168,22.9,1398.0,1.0,17824,0.7875786,2008.7943,0.6,719.8737182617188,2.39553296084391,1324.0799561,31.11168471272892,28.620833830039853,4,0.4367262125015259,287.87137,9.86
26.9875,21.1,3290.0,23.0,18462,0.6802139,1870.6986,0.3,750.3220825195312,2.13175588235294,349.4320068,31.977256726341505,29.262305571094487,12,1.1808347702026367,54.631836,16
27.466667,23.3,3422.0,80.0,16792,0.6568362,1989.1254,3.1,1702.0980224609375,1.59373529411765,879.3449707,33.51128651551279,28.903288256025697,3,1.00652015209198,522.1905,9.7
26.675,12.6,308.0,1.0,22324,1.9062556,1205.6906,1.0,0.0,2.62959174573055,-88.1093979,34.05117483820898,26.14635574663334,43,0.794818103313446,0.06830367,0
24.041666,14.7,1605.0,25.0,15677,0.54292136,1233.5491,2.5,555.8267822265625,1.97423096264368,-42.5475998,31.993040616955263,25.13625694089884,2,0.1091835349798202,112.76991,6.56
21.204166,8.4,1571.0,30.0,15507,0.5567792,773.9766,2.88,423.8460998535156,2.76493823529412,-1009.2299805,32.1779327883861,25.602978092162477,122,2.249722003936768,2.9458091,4.13
21.908333,9.5,859.0,31.0,16971,0.68880206,928.9855,0.62,0.0,0.27,22.1511993,33.939610041788384,23.808565940935747,4,0.4367262125015259,0.0,0
25.904167,19.2,2060.0,88.0,19237,0.7243666,1673.9684,0.72,775.58447265625,0.580885294117647,300.0,36.13280231531563,27.87244211101282,8,0.1091835349798202,53.299973,14
24.041666,14.7,1605.0,25.0,15677,0.54292136,1233.5491,2.5,555.8267822265625,1.97423096264368,-42.5475998,31.993040616955263,25.13625694089884,2,0.1091835349798202,112.76991,11
26.9375,22.8,2318.0,8.0,17528,0.5775276,1754.8638,0.44,719.8737182617188,1.59510670553936,1443.0999756,30.11358078412961,28.94108649542479,2,1.00652015209198,109.9359,15.5
26.804167,14.7,1537.0,7.0,18378,1.0778424,1202.1724,2.42,296.0495910644531,1.61946025530447,-366.4079895,30.40103433130923,28.096408684136254,64,7.712043762207031,276.6357,3
26.804167,14.7,1537.0,7.0,18378,1.0778424,1202.1724,2.42,296.0495910644531,1.61946025530447,-366.4079895,30.40103433130923,28.096408684136254,64,7.712043762207031,276.6357,3
27.520834,23.2,1591.0,17.0,16945,0.65070534,2043.8812,1.56,242.9788055419922,1.1918,60.2794991,33.22924439229287,29.099081461229357,8,0.6905047297477722,12.7458725,14
27.220833,22.7,2604.0,139.0,16792,0.6296931,1939.8911,0.0,499.034912109375,1.58415318554722,-71.1332016,32.03890542812664,29.32653996764577,14,2.3148748874664307,15.443456,14
25.904167,19.2,2060.0,88.0,19237,0.7243666,1673.9684,0.72,775.58447265625,0.579514705882353,800.0,36.13280231531563,27.87244211101282,6,0.9391493201255798,53.299973,12
28.570833,21.0,1268.0,13.0,20621,1.1005368,2139.4492,0.76,248.08169555664065,0.704273641538727,252.5,33.28591125026829,28.924188249027445,2,0.852688729763031,776.8664,4.68
22.7,11.0,1964.0,36.0,13843,0.6868251,899.2965,2.44,761.181884765625,0.0,-278.5190125,32.14374679103725,25.023123931153595,-5,0.5459018349647522,2188.4458,3.2
27.5125,23.9,5323.0,323.0,19393,0.61313593,2019.1519,1.02,0.0,1.7,-93.6251984,34.16193214561448,29.45470152296921,13,0.4882723987102508,2.6603496,15
23.558332,15.8,1236.0,53.0,15574,0.52191585,1593.173,0.02,171.4261016845703,1.09862941176471,-43.915699,36.9194545206211,25.4602584417868,-1,0.6366184949874878,170.19438,3.3
26.9875,21.1,3290.0,23.0,18462,0.6802139,1870.6986,0.3,750.3220825195312,2.13588823529412,134.5890045,31.977256726341505,29.262305571094487,13,1.3325161933898926,54.631836,19
27.55,22.8,1577.0,46.0,15796,0.68283194,1886.4208,2.28,1110.3480224609375,1.55424705882353,795.90802,33.17931252712149,28.955328445428936,6,1.8682609796524048,1189.196,5.5
24.7125,14.7,1133.0,17.0,17277,0.89012265,2143.963,0.56,19.913349151611328,2.67957352941177,-187.0399933,24.709462324310334,26.345106424626724,108,1.746397614479065,4.956215,7.45
26.729166,20.5,2639.0,65.0,19835,0.70289856,1349.7578,0.58,726.9882202148438,0.175143255131965,306.7099915,35.05085331376979,28.988545083352808,23,2.6568899154663086,42.9882,16
26.720833,14.1,1536.0,5.0,17641,0.9539973,1820.1626,2.44,750.168701171875,3.24021668966707,-8975.5097656,22.03924828903637,27.64078497930952,4,0.4882723987102508,450.51987,0
26.804167,14.7,1537.0,7.0,18378,1.0778424,1202.1724,2.42,296.0495910644531,1.61946025530447,-366.4079895,30.40103433130923,28.096408684136254,64,7.712043762207031,276.6357,3
26.804167,14.7,1537.0,7.0,18378,1.0778424,1202.1724,2.42,296.0495910644531,1.61946025530447,-366.4079895,30.40103433130923,28.096408684136254,64,7.712043762207031,276.6357,3
24.041666,14.7,1605.0,25.0,15677,0.54292136,1233.5491,2.5,555.8267822265625,1.97423096264368,-42.5475998,31.993040616955263,25.13625694089884,2,0.1091835349798202,112.76991,4.85
25.941666,20.5,1646.0,25.0,18224,0.73055416,1864.3184,0.0,422.9866943359375,0.556580531885008,-21.6515999,32.28117031910946,29.344521925945703,136,13.13451862335205,513.20557,13.6
27.583334,22.4,1814.0,2.0,17499,0.80939364,2096.702,0.42,719.8737182617188,1.05320963488844,99.1626968,32.38001966818015,28.69542908398576,1,0.4632169902324676,58.84917,12.9
22.245832,17.2,2664.0,121.0,15809,0.38442764,2141.8865,0.02,1760.501953125,1.44911176470588,-8928.6796875,31.007699070460973,30.225752788220312,915,19.753772735595703,48.86812,7.4
26.7875,22.8,2309.0,143.0,16514,0.5104234,1324.8208,0.02,1134.719970703125,1.27903235294118,-623.5020142,30.922244317700848,29.98450247303303,7,0.6905047297477722,34.301266,20.1
23.166666,17.1,2801.0,5.0,16671,0.59307176,1149.3989,3.82,1917.6519775390625,0.690255779753762,-6861.2299805,33.188140624560454,28.878990364250495,575,21.89182472229004,6.0045757,5.56
26.8,22.9,2543.0,95.0,17068,0.5078847,1328.2854,0.0,1575.884033203125,0.0,178.3359985,30.88169983105784,29.904217726036087,12,0.9886020421981812,51.822628,0
26.341667,20.8,1194.0,15.0,16888,0.75098777,2154.4854,0.0,237.2115020751953,2.50025294117647,159.6640015,34.592257888023795,27.56772292861192,6,0.6905047297477722,79.035675,4.5
25.9,19.2,2063.0,89.0,19210,0.7342768,1673.9684,0.72,775.58447265625,0.567855882352941,2600.0,35.33196462662052,28.01185956399793,9,3.624590396881104,53.299973,9
26.879168,20.4,2512.0,66.0,19892,0.741694,1349.7578,0.54,726.9882202148438,0.176922865275142,3882.6599121,35.084921966004266,28.984535930688672,10,1.0356943607330322,22.814545,13
22.454166,17.9,1935.0,89.0,17455,0.42065862,1971.7285,0.0,775.4176025390625,2.5,208.552002,33.646634771165225,29.47184005603758,888,8.549725532531738,863.9405,4
26.8625,22.6,2292.0,7.0,17544,0.5659868,1995.0734,0.46,1180.6629638671875,2.30354970674487,1814.3699951,30.07867584766652,28.90207690372394,2,0.5567121505737305,109.921364,11
26.7875,22.8,2309.0,143.0,16514,0.5104234,1324.8208,0.02,1134.719970703125,1.27903235294118,-623.5020142,30.922244317700848,29.98450247303303,7,0.6905047297477722,34.301266,20.8
27.504168,22.9,1398.0,1.0,17824,0.7875786,2008.7943,0.6,719.8737182617188,2.39553296084391,1324.0799561,31.11168471272892,28.620833830039853,4,0.4367262125015259,287.87137,8.35
26.508333,22.0,2306.0,114.0,16665,0.67817944,1960.8016,0.0,754.7039184570312,1.55992763997165,-201.3670044,28.99599776199081,29.61114792823996,18,2.1524252891540527,3.512054,16
26.766666,19.2,1476.0,24.0,17881,0.87140924,2268.217,0.76,1363.18798828125,0.460796999831451,1573.7099609,33.83651781745719,27.46956438418227,1,0.5459018349647522,5.41922,4
27.5375,23.9,5328.0,325.0,19273,0.61933815,2019.1519,1.04,0.0,1.7,358.7630005,34.1661600048639,29.406437304995443,179,7.372284412384033,2.8139205,15
13.9375,4.9,1841.0,116.0,14962,0.3450034,1176.9917,0.28,634.559326171875,1.5456729429015,115.0,34.853504472527575,17.27792655743532,136,10.343306541442873,2.1166244,3.595
25.054167,20.2,1401.0,28.0,13376,0.45471016,970.5839,0.0,71.57038116455078,2.25591176470588,1.09649,32.74349272891824,26.72819277256589,5,0.5459018349647522,16.12967,20.61
22.245832,17.2,2664.0,121.0,15809,0.38442764,2141.8865,0.02,1760.501953125,1.44911176470588,-8928.6796875,31.007699070460973,30.225752788220312,915,19.753772735595703,48.86812,7.8
26.395834,15.0,1757.0,4.0,17805,0.7505526,1763.8553,2.44,750.168701171875,0.0,243.7949982,27.627213045995106,27.751936949029997,8,0.4882723987102508,659.28876,5.71
25.9,19.2,2063.0,89.0,19210,0.7342768,1673.9684,0.72,775.58447265625,0.572108823529412,2200.0,35.33196462662052,28.01185956399793,12,0.3452648818492889,53.299973,22
28.108334,13.1,62.0,0.0,20203,2.325425,598.54517,0.0,0.0,0.926865726126301,-24826.8007812,38.324878037349535,27.85304496688732,3,0.4632169902324676,5.4482274,3
26.7625,22.3,2297.0,7.0,18789,0.7295994,1892.1493,0.0,916.4545288085938,0.886304490637126,285.1619873,33.151505987568,29.000504703246506,6,0.308815062046051,422.92297,10
27.429167,22.3,1870.0,44.0,15941,0.7305307,1495.3363,3.3,646.6193237304688,1.43663235294118,327.243988,33.86201969173644,28.98385493283983,9,0.6176121830940247,1823.5126,5
28.304167,15.4,116.0,0.0,21160,1.7210197,650.505,0.02,71.34716033935547,2.00188529411765,894.21698,37.13502427549059,28.26351107589039,1,0.5879514217376709,120.59644,0
27.504168,22.9,1398.0,1.0,17824,0.7875786,2008.7943,0.6,719.8737182617188,2.39553296084391,1324.0799561,31.11168471272892,28.620833830039853,4,0.4367262125015259,287.87137,10.02
27.583334,22.4,1814.0,2.0,17499,0.80939364,2096.702,0.42,719.8737182617188,1.05320963488844,99.1626968,32.38001966818015,28.69542908398576,1,0.4632169902324676,58.84917,15.4
26.7875,22.8,2309.0,143.0,16514,0.5104234,1324.8208,0.02,1134.719970703125,1.27903235294118,-623.5020142,30.922244317700848,29.98450247303303,7,0.6905047297477722,34.301266,25.7
27.591667,21.5,1273.0,2.0,18070,1.079086,1925.6089,0.0,288.1747131347656,2.61634117647059,127.4649963,35.64243324393576,28.079929380241538,14,4.289148330688477,16.094517,9
26.845833,20.5,2589.0,66.0,19852,0.73061657,1349.7578,0.58,726.9882202148438,0.176922865275142,1562.6600342,35.090646615432945,28.99150458395877,13,4.147462844848633,16.257013,19
26.908333,22.6,2287.0,7.0,17580,0.5790315,1995.0734,0.46,1180.6629638671875,2.27704438502674,2265.9199219,30.033352972083264,28.91847799020486,2,0.3936611115932464,109.92379,8
26.720833,14.1,1536.0,5.0,17641,0.9539973,1820.1626,2.44,750.168701171875,3.24021668966707,-8975.5097656,22.03924828903637,27.64078497930952,4,0.4882723987102508,450.51987,0
9.9,0.7,3139.0,62.0,14644,0.1256757,976.6903,3.26,0.0,1.39174411764706,-691.9949951,34.54794352145056,26.61526067860372,2157,4.662942886352539,32.29314,9.5
26.5875,19.0,1465.0,29.0,20038,0.86383003,2251.951,0.7,645.3012084960938,0.183279592892876,1010.710022,36.043281089983005,28.395094048781985,4,0.154408648610115,37.30382,6
26.683332,16.2,1428.0,9.0,18197,0.76808006,1202.1724,2.4,296.0495910644531,1.58637730722788,250.7310028,30.531760953712627,28.16535925903262,6,0.771998405456543,403.21414,1
27.320833,15.7,91.0,0.0,20729,1.4458295,1741.8187,0.04,0.0,1.93812058823529,367.5499878,36.96855950263132,28.263865616905147,3,1.637309193611145,1109.3585,1
26.766666,19.2,1476.0,24.0,17881,0.87140924,2268.217,0.76,1363.18798828125,0.460796999831451,1573.7099609,33.83651781745719,27.46956438418227,1,0.5459018349647522,5.41922,4
14.645833,5.9,1585.0,104.0,15056,0.37306443,998.68713,0.26,762.0906982421875,1.54300331205796,45.0,35.16636459250079,17.797446586878817,15,6.156417369842529,171.85887,1.66
25.941666,20.5,1646.0,25.0,18224,0.73055416,1864.3184,0.0,422.9866943359375,0.556580531885008,-21.6515999,32.28117031910946,29.344521925945703,136,13.13451862335205,513.20557,4.7
24.7125,14.7,1133.0,17.0,17277,0.89012265,2143.963,0.56,19.913349151611328,2.67957352941177,-187.0399933,24.709462324310334,26.345106424626724,108,1.746397614479065,4.956215,6.26
22.7,11.0,1964.0,36.0,13843,0.6868251,899.2965,2.44,761.181884765625,0.0,-278.5190125,32.14374679103725,25.023123931153595,-5,0.5459018349647522,2188.4458,4.29
26.833334,15.6,1474.0,9.0,18267,0.8374062,1202.1724,2.4,296.0495910644531,1.68914833534587,1507.0799561,30.14061648427228,27.90823055536747,2,1.5742729902267456,402.95212,3
25.991667,21.5,2108.0,75.0,18916,0.53656244,2043.4119,0.0,1389.6390380859375,1.87025294117647,-1758.0999756,31.07010375090992,27.313588757929463,14,0.2183662801980972,2.5176942,6.1
22.629166,10.9,1982.0,37.0,13727,0.68098253,899.2965,2.4,761.181884765625,0.0,-200.5279999,32.14374679103725,25.023123931153595,9,0.244140625,5031.792,6.1
24.991667,10.9,266.0,2.0,22092,1.627512,1013.93774,0.76,0.0,1.50648823529412,-370.6119995,33.26220731483078,24.80237936411898,51,0.976473867893219,0.0071994197,0
28.570833,21.0,1268.0,13.0,20621,1.1005368,2139.4492,0.76,248.08169555664065,0.704273641538727,252.5,33.28591125026829,28.924188249027445,2,0.852688729763031,776.8664,5.72
22.629166,10.9,1982.0,37.0,13727,0.68098253,899.2965,2.4,761.181884765625,0.0,-200.5279999,32.14374679103725,25.023123931153595,9,0.244140625,5031.792,6.4
27.879168,21.4,922.0,3.0,18865,0.93338305,1354.9835,0.24,1289.948974609375,1.86452631624078,-420.5679932,25.47520628832105,29.368681752400057,8,0.4632169902324676,269.6044,2.58
22.745834,11.0,1796.0,33.0,13539,0.6939786,1212.4458,2.38,652.4906005859375,1.14199411764706,-71.9503021,30.50389313619365,24.84222592975805,3,0.831459641456604,9037.161,0.552
27.495832,23.9,5284.0,322.0,19429,0.610393,2019.1519,1.02,0.0,1.7,178.5839996,34.242992562242705,29.58514033012778,17,0.9391493201255798,4.297199,15
26.075,18.3,1256.0,36.0,19533,0.87157243,1378.1984,0.92,196.3860015869141,0.194761152320166,-50.1503983,36.00046140244292,28.37845941820152,7,5.2622389793396,27.904564,17
26.316668,21.9,2974.0,129.0,18443,0.5889444,1971.7285,0.0,775.4176025390625,1.58860882352941,489.5889893,33.646634771165225,29.47184005603758,21,4.479349613189697,186.316,10
27.35,24.0,2767.0,125.0,16955,0.61876684,2133.4365,3.7,0.0,1.5,-718.5410156,33.98646951216674,29.326731759353716,12,1.091704487800598,17.059162,15
22.629166,10.9,1982.0,37.0,13727,0.68098253,899.2965,2.4,761.181884765625,1.36,-200.5279999,32.14374679103725,25.023123931153595,9,0.244140625,5031.792,8.5
26.9875,21.1,3290.0,23.0,18462,0.6802139,1870.6986,0.3,750.3220825195312,2.13175588235294,516.4110107,31.977256726341505,29.262305571094487,14,0.1091835349798202,54.631836,19
26.9875,21.1,3290.0,23.0,18462,0.6802139,1870.6986,0.3,750.3220825195312,2.13519705882353,144.4259949,31.977256726341505,29.262305571094487,15,0.6990818977355957,54.631836,20
25.85,20.6,2585.0,31.0,15142,0.5764398,1383.3472,2.32,1166.635009765625,1.81698235294118,-1164.7700195,33.043873410381515,29.42279659339202,458,10.332267761230469,12.098343,1.99
24.416666,15.5,1715.0,24.0,17141,0.5511079,1317.5441,3.42,476.0259094238281,1.13345882352941,46.4202003,32.90963658222444,25.70974953035698,41,5.792611122131348,347.99673,5.2
26.9875,21.1,3290.0,23.0,18462,0.6802139,1870.6986,0.3,750.3220825195312,2.13313529411765,349.4320068,31.977256726341505,29.262305571094487,14,0.3452648818492889,54.631836,14
25.9,19.2,2063.0,89.0,19210,0.7342768,1673.9684,0.72,775.58447265625,0.570947058823529,2400.0,35.33196462662052,28.01185956399793,16,0.5459018349647522,53.299973,21
23.925,15.1,1256.0,12.0,17710,0.6696035,1093.8433,3.22,262.02880859375,1.52358568224944,-123.7289963,32.27904018278986,25.786837524319985,1,0.4501665234565735,63.484135,2.31
26.966667,22.6,2341.0,8.0,17335,0.59598774,1995.0734,0.46,1180.6629638671875,2.36433463860618,4250.4101562,32.33307891295804,28.60398368445337,4,0.771998405456543,109.91405,13.3
24.7125,14.7,1133.0,17.0,17277,0.89012265,2143.963,0.56,19.913349151611328,2.67957352941177,-187.0399933,24.709462324310334,26.345106424626724,108,1.746397614479065,4.956215,4.5
26.458334,19.0,1318.0,37.0,18123,0.7511885,1868.2715,1.0,103.80989837646484,0.187317120924616,2506.0900879,35.913226719121475,28.296001471939345,6,0.3936611115932464,0.03192794,6.5
29.154167,22.8,797.0,15.0,20332,1.1905326,1206.5491,0.36,0.0,0.521879243697479,119.0559998,33.930501340847165,29.17216064158602,6,1.1397606134414673,2.7662108,4.5
26.825,20.7,2692.0,27.0,18606,0.70708925,1342.1625,0.34,3049.64599609375,2.49714117647059,29.2768002,31.889811912796315,29.252041430356574,82,4.520077228546143,101.78137,10.64
25.8625,19.1,2072.0,85.0,19259,0.7179422,1673.9684,0.72,775.58447265625,0.581261764705882,1600.0,35.35836914772091,28.01078621775203,17,1.2446894645690918,53.313435,17
22.629166,10.9,1982.0,37.0,13727,0.68098253,899.2965,2.4,761.181884765625,1.4,-200.5279999,32.14374679103725,25.023123931153595,9,0.244140625,5031.792,10
27.504166,20.9,3459.0,13.0,18073,0.819962,1145.2026,0.16,2009.18798828125,1.06221446839605,3361.6000977,31.015904458499964,29.200653937902445,2,0.9886020421981812,101.41218,11.3
27.520834,19.5,1821.0,2.0,18398,0.95760536,1625.026,0.54,2202.912109375,1.36076764705882,5449.8701172,33.48657487570119,29.052720680980944,6,0.3275474309921264,17.246155,3
28.570833,21.0,1268.0,13.0,20621,1.1005368,2139.4492,0.76,248.08169555664065,0.704273641538727,252.5,33.28591125026829,28.924188249027445,2,0.852688729763031,776.8664,5.45
27.679167,22.9,2642.0,139.0,16829,0.68186545,1960.8016,0.0,754.7039184570312,1.57384180672269,96.1544037,32.28263894618288,29.323348443431595,0,6.429499626159668,15.353515,13
26.091667,21.6,2390.0,85.0,18874,0.5517513,2043.4119,0.0,1389.6390380859375,1.88281764705882,-3151.7600098,31.17061706647658,27.32715711293394,20,1.4563781023025513,1.5839396,19
27.379168,21.0,3470.0,5.0,17266,1.0140806,1149.3989,3.84,1917.6519775390625,0.710698700410397,212.1179962,33.15030118306204,28.99439107007899,7,1.091704487800598,90.06967,4
27.7625,22.3,1882.0,75.0,18429,0.84771687,2085.6355,0.0,788.8748168945312,2.16014103846817,4107.4501953,33.15339295979804,29.0028351103437,13,0.154408648610115,61.216137,8.2
27.045834,22.3,1460.0,1.0,17986,0.7300265,1268.861,0.66,322.9974060058594,2.30293827116212,-182.4530029,30.501241903433336,28.221810643876974,1,0.6366184949874878,86.89383,8
27.504168,22.9,1398.0,1.0,17824,0.7875786,2008.7943,0.6,719.8737182617188,2.39553296084391,1324.0799561,31.11168471272892,28.620833830039853,4,0.4367262125015259,287.87137,12.4
22.629166,10.9,1982.0,37.0,13727,0.68098253,899.2965,2.4,761.181884765625,0.0,-200.5279999,32.14374679103725,25.023123931153595,9,0.244140625,5031.792,6.15
27.545834,24.0,5337.0,325.0,19252,0.6201715,2019.1519,1.06,0.0,1.7,157.1069946,34.23648596431113,29.57681880066145,9,2.1934924125671387,12.016093,15
26.741667,21.8,1487.0,33.0,18103,0.720566,1945.8169,0.1,570.0640258789062,1.89357058823529,935.8809814,33.70771864149658,28.258165632188632,3,0.1091835349798202,292.80765,8.2
27.204166,22.1,2356.0,69.0,17449,0.7418285,1589.736,0.06,2039.7669677734373,1.55650464033121,2652.7299805,31.30054802794921,30.157822020217992,26,0.2183662801980972,84.81817,20
26.9875,21.1,3290.0,23.0,18462,0.6802139,1870.6986,0.3,750.3220825195312,2.13241764705882,126.7929993,31.977256726341505,29.262305571094487,12,0.154408648610115,54.631836,17
24.35,14.8,1613.0,16.0,17158,0.6276296,1096.4663,3.22,262.02880859375,2.07031769018458,273.3720093,32.86588341363606,26.56532308912405,0,0.6905047297477722,142.4447,3.5
26.945833,21.1,1088.0,5.0,18600,0.95514727,1339.6663,0.0,300.9198913574219,2.09480588235294,4219.6401367,35.78378321721191,27.909118663074967,6,0.4882723987102508,8.735799,0
23.495832,12.0,1309.0,41.0,17550,0.7899363,2076.8853,0.9,182.2660980224609,0.299464413484692,-17.9719009,36.234814109674026,26.80141298850585,7,0.2183662801980972,0.0038198237,1.2
27.008333,22.1,2968.0,141.0,16757,0.58717996,1589.736,0.06,2039.7669677734373,1.55650464033121,2366.5800781,31.29939918802568,30.155295405251568,10,1.637309193611145,56.17157,16
27.583334,22.4,1814.0,2.0,17499,0.80939364,2096.702,0.42,719.8737182617188,1.05320963488844,99.1626968,32.38001966818015,28.69542908398576,1,0.4632169902324676,58.84917,15.4
25.204166,19.4,512.0,3.0,12239,0.631921,1208.922,0.0,71.57038116455078,2.1009289373814,-508.493988,33.50429948802343,24.885279950924087,177,11.546201705932615,125.562836,21.8
26.945833,22.6,2330.0,8.0,17374,0.5883889,1995.0734,0.46,1180.6629638671875,2.28177914438503,3875.1799316,32.33307891295804,28.60398368445337,5,1.2446894645690918,109.9189,15
24.041666,14.7,1605.0,25.0,15677,0.54292136,1233.5491,2.5,555.8267822265625,1.97423096264368,-42.5475998,31.993040616955263,25.13625694089884,2,0.1091835349798202,112.76991,5.67
26.329166,12.2,1416.0,2.0,17946,0.984987,1443.5869,2.24,750.168701171875,2.13009214248749,-381.5069885,27.17866928653956,27.80828259676574,11,0.4882723987102508,1150.0247,0
20.125,9.1,1259.0,31.0,14954,0.49303737,884.39374,2.36,407.3670043945313,4.76724636881145,157.0780029,30.105228748283288,22.2956648591266,9,2.196202754974365,1313.662,0
24.629168,15.1,1508.0,13.0,17115,0.6826684,1527.8137,3.0,154.37379455566406,2.259313503297,-151.5059967,32.2968005612587,25.926866479638456,0,0.7872850894927979,316.03412,4.86
26.5375,16.7,1455.0,3.0,21587,1.0190064,1435.9869,0.9,721.517822265625,0.0,400.7590027,34.30016543467273,28.29661051595047,11,1.0752081871032717,19.67723,3.86
26.133333,21.8,2177.0,83.0,18859,0.55407554,2043.4119,0.0,1389.6390380859375,1.88754411764706,-5823.7299805,31.17061706647658,27.32715711293394,6,0.2183662801980972,0.71665484,5.5
26.8,16.0,1446.0,9.0,18294,0.8084422,1202.1724,2.42,296.0495910644531,1.68587369328963,-46.4202003,30.172522020196176,27.965427258138675,8,0.4501665234565735,402.95203,1
24.041666,14.7,1605.0,25.0,15677,0.54292136,1233.5491,2.5,555.8267822265625,1.97423096264368,-42.5475998,31.993040616955263,25.13625694089884,2,0.1091835349798202,112.76991,12.4
27.716667,13.8,57.0,0.0,21130,1.7994016,1512.314,0.0,0.0,1.03843529411765,581.8309937,37.80489133275725,27.96403056013836,2,0.7872850894927979,29.378296,0
26.454166,22.1,2970.0,127.0,18369,0.5966515,1971.7285,0.0,775.4176025390625,2.5,13.8397999,33.65458563449408,29.473606532020995,888,16.162450790405273,168.70766,4
26.558334,13.8,1367.0,2.0,17998,1.0057863,1049.0812,2.06,555.4058837890625,0.0,26101.1992188,24.900696848307085,27.74654182310436,1,0.6641085743904114,376.3511,0
27.266666,19.5,1454.0,5.0,18693,0.9243612,1145.2026,0.16,2009.18798828125,0.0,-95.9200974,27.687572774269583,29.57524891071085,69,1.7258232831954956,89.0027,9.6
21.204166,8.4,1571.0,30.0,15507,0.5567792,773.9766,2.88,423.8460998535156,2.76493823529412,-1009.2299805,32.1779327883861,25.602978092162477,122,2.249722003936768,2.9458091,2.75
22.629166,10.9,1982.0,37.0,13727,0.68098253,899.2965,2.4,761.181884765625,2.8,-200.5279999,32.14374679103725,25.023123931153595,9,0.244140625,5031.792,4.5
25.904167,19.2,2060.0,88.0,19237,0.7243666,1673.9684,0.72,775.58447265625,0.579635294117647,600.0,36.13280231531563,27.87244211101282,5,0.4501665234565735,53.299973,16
14.595834,5.5,1604.0,103.0,15034,0.37978086,998.68713,0.28,762.0906982421875,1.533837200276,180.0,35.425210995715304,17.96253738126706,7,3.596674680709839,176.78781,1.151
24.041666,14.7,1605.0,25.0,15677,0.54292136,1233.5491,2.5,555.8267822265625,1.97423096264368,-42.5475998,31.993040616955263,25.13625694089884,2,0.1091835349798202,112.76991,6.67
27.725,21.8,995.0,10.0,20726,0.77686054,1206.5491,0.36,0.0,0.519917899159664,20.1839008,33.965217921849764,29.07980355875783,4,0.154408648610115,373.7795,3.9
26.354166,22.0,3509.0,190.0,16793,0.41132262,2076.4116,2.28,0.0,1.33314117647059,576.2449951,33.92681625320244,29.346078605900946,11,0.1091835349798202,65.93545,11
26.0125,18.3,1591.0,29.0,20085,0.84966594,2251.951,0.72,645.3012084960938,0.183787622908401,-778.0479736,36.053486084178616,28.370879411490428,4,0.3452648818492889,39.63068,1
27.266666,19.5,1454.0,5.0,18693,0.9243612,1145.2026,0.16,2009.18798828125,0.0,-95.9200974,27.687572774269583,29.57524891071085,69,1.7258232831954956,89.0027,1
26.658333,22.9,2578.0,96.0,17049,0.48206806,1328.2854,0.0,1575.884033203125,0.43791387682682,-88.1093979,30.855105009098125,29.91486848897112,0,1.967562794685364,50.78592,4
28.579166,21.0,1265.0,13.0,20428,1.113084,2139.4492,0.76,248.08169555664065,0.704247222701397,179.2369995,33.28591125026829,28.924188249027445,1,0.5459018349647522,570.43744,3.55
23.558332,15.8,1236.0,53.0,15574,0.52191585,1593.173,0.02,171.4261016845703,1.09862941176471,-43.915699,36.9194545206211,25.4602584417868,-1,0.6366184949874878,170.19438,7.7
26.591667,21.6,2676.0,30.0,15706,0.64547205,1579.5983,3.0,1702.0980224609375,1.60087352941176,-617.3720093,33.23083655408554,29.01907972618825,205,11.143462181091309,37.465046,6.16
26.804167,14.7,1537.0,7.0,18378,1.0778424,1202.1724,2.42,296.0495910644531,1.61946025530447,-366.4079895,30.40103433130923,28.096408684136254,64,7.712043762207031,276.6357,3
22.341667,12.0,1236.0,10.0,16543,0.53682905,1130.6288,2.52,360.6339111328125,3.44046131750946,250.5269928,33.60048883042053,26.409378628350733,29,0.3275474309921264,139.26805,4.3
22.245832,17.2,2664.0,121.0,15809,0.38442764,2141.8865,0.02,1760.501953125,1.44911176470588,-8928.6796875,31.007699070460973,30.225752788220312,915,19.753772735595703,48.86812,6.9
26.933332,21.9,3106.0,148.0,16683,0.57235277,1589.736,0.06,2039.7669677734373,1.56899728307745,438.5509949,31.302024873790245,30.166753369759984,11,1.00652015209198,118.492256,24
26.316666,18.3,2131.0,25.0,21419,0.89695305,2184.8467,0.74,895.3724975585938,3.0,1736.5500488,34.77848503432811,28.46969535669004,5,0.4501665234565735,89.15645,1.7
25.9,19.2,2063.0,89.0,19210,0.7342768,1673.9684,0.72,775.58447265625,0.571567647058824,2300.0,35.33196462662052,28.01185956399793,16,0.8801976442337036,53.299973,20
27.0375,21.2,3294.0,23.0,18469,0.68384725,1870.6986,0.3,750.3220825195312,2.13860882352941,23.7194004,31.695132965777017,29.657142792847477,9,0.244140625,46.47254,13
27.704166,13.8,58.0,0.0,21116,1.7935439,1512.314,0.0,0.0,1.04121176470588,0.888379,37.74896144049711,27.949320656621275,4,0.8734017014503479,29.376375,0
26.316666,13.4,1965.0,10.0,17792,0.7430897,1119.8074,1.66,932.0302124023438,0.0,18192.4003906,22.445868751991675,27.8348765329584,3,0.3275474309921264,119.52809,7.9
27.025,22.7,2762.0,147.0,16977,0.60594934,1613.922,0.0,1027.70703125,3.0,-103.7490005,32.37614410173001,29.21646055702721,14,2.727529525756836,5.1159935,15
27.095833,22.6,1802.0,54.0,17481,0.7157597,1325.8638,0.0,842.1348876953125,0.548951935518244,35.5956993,32.19246249180688,29.455819652347305,3,0.2183662801980972,3826.125,0
25.954166,19.2,2062.0,89.0,19175,0.740977,1673.9684,0.72,775.58447265625,0.565791176470588,2700.0,35.33196462662052,28.01185956399793,4,1.484726071357727,53.299976,6
27.0375,22.6,2316.0,7.0,17292,0.60841006,1221.1127,0.44,1180.6629638671875,2.76477494393652,4878.25,32.24959806078191,28.58532278720445,7,1.091704487800598,145.79083,11
26.954166,20.6,1170.0,7.0,20648,0.7778039,2045.3639,0.46,549.5191040039062,2.04795882352941,237.4080048,32.99915793163467,28.608305165224927,6,0.6990818977355957,22.146961,4.5
26.4375,22.0,2863.0,107.0,18086,0.5533322,1432.7133,0.06,1847.8699951171875,1.2,276.178009,33.71079193777315,28.29165500955388,5,0.308815062046051,603.79425,4
27.583334,22.4,1814.0,2.0,17499,0.80939364,2096.702,0.42,719.8737182617188,1.05320963488844,99.1626968,32.38001966818015,28.69542908398576,1,0.4632169902324676,58.84917,14.8
26.9875,21.1,3290.0,23.0,18462,0.6802139,1870.6986,0.3,750.3220825195312,2.13378823529412,71.1332016,31.695132965777017,29.657142792847477,8,0.2183662801980972,54.631836,10
24.7125,14.7,1133.0,17.0,17277,0.89012265,2143.963,0.56,19.913349151611328,2.67957352941177,-187.0399933,24.709462324310334,26.345106424626724,108,1.746397614479065,4.956215,11.74
26.954166,20.6,1170.0,7.0,20648,0.7778039,2045.3639,0.46,549.5191040039062,2.04795882352941,237.4080048,32.99915793163467,28.608305165224927,6,0.6990818977355957,22.146961,11.27
27.541666,14.3,61.0,0.0,21391,1.6873202,592.07947,0.0,0.0,1.30045882352941,-220.4490051,38.377360994569386,28.26200913027398,4,0.5459018349647522,27.775743,0
24.041666,14.7,1605.0,25.0,15677,0.54292136,1233.5491,2.5,555.8267822265625,1.97423096264368,-42.5475998,31.993040616955263,25.13625694089884,2,0.1091835349798202,112.76991,8.64
27.720833,22.7,1817.0,1.0,17409,0.82267714,1268.861,0.68,322.9974060058594,2.30390333572453,394.875,30.371429795739445,28.243907848121,4,1.1757789850234983,6.930852,0
26.329166,12.2,1416.0,2.0,17946,0.984987,1443.5869,2.24,750.168701171875,2.13009214248749,-381.5069885,27.17866928653956,27.80828259676574,11,0.4882723987102508,1150.0247,0
23.9375,14.3,1737.0,27.0,15476,0.49426034,1079.9344,2.5,555.8267822265625,3.5,-194.5800018,32.55116777885841,25.578996748991337,3,0.8801976442337036,921.6338,5
25.883333,19.2,2066.0,85.0,19243,0.7186137,1673.9684,0.72,775.58447265625,0.581261764705882,800.0,36.13236061602927,27.87219971634729,10,1.3280388116836548,53.31344,13
26.304167,15.1,1750.0,4.0,17804,0.7285405,1763.8553,2.44,750.168701171875,2.28886458513024,412.9370117,27.95165460468066,27.71986125087106,3,0.6366184949874878,968.2062,7.07
26.283333,14.3,1785.0,6.0,17757,0.7230568,1047.5947,2.38,621.8372802734375,1.34286556839745,11.3940001,27.53396619444088,27.70966933724453,2,0.3936611115932464,326.08307,6.04
26.704166,20.5,2657.0,66.0,19877,0.7010222,1349.7578,0.58,726.9882202148438,0.175134448852855,158.404007,35.05085331376979,28.988545083352808,14,2.270775318145752,37.44581,23
26.925,22.5,2656.0,150.0,17044,0.5558903,1613.922,0.0,1027.70703125,3.0,2106.5700684,32.32710828779149,29.245077053935617,18,7.295955181121826,16.942915,15
22.908333,11.3,1640.0,25.0,16466,0.6098053,856.5301,2.86,381.1677856445313,2.53,-253.8350067,32.117501898729905,25.55284459330425,3,0.852688729763031,208.81177,2.4
26.870834,21.0,3295.0,23.0,18454,0.6698032,1870.6986,0.3,750.3220825195312,2.13035,405.0920105,31.977256726341505,29.262305571094487,15,0.2183662801980972,54.654892,18
26.8,16.0,1446.0,9.0,18294,0.8084422,1202.1724,2.42,296.0495910644531,1.6847371657754,-73.342598,30.172522020196176,27.965427258138675,6,0.4882723987102508,402.95203,2
14.679167,8.9,2555.0,72.0,18362,0.033247262,1882.176,0.12,2336.47705078125,0.359111799206486,-213.1040039,35.41279613846249,28.87949029967092,2049,23.02896881103516,1.0442368,1.54
27.583334,22.4,1814.0,2.0,17499,0.80939364,2096.702,0.42,719.8737182617188,1.05320963488844,99.1626968,32.38001966818015,28.69542908398576,1,0.4632169902324676,58.84917,15
28.570833,21.0,1268.0,13.0,20621,1.1005368,2139.4492,0.76,248.08169555664065,0.704273641538727,252.5,33.28591125026829,28.924188249027445,2,0.852688729763031,776.8664,4.15
26.545834,18.9,867.0,38.0,18140,1.0511144,1273.5645,0.66,0.0,0.596511764705882,525.8289795,36.04040938158565,28.24002300530609,19,2.8552441596984863,43.449703,10
27.241667,23.8,2802.0,126.0,16856,0.6004461,2133.4365,3.72,0.0,1.5,-580.9219971,34.03732732565018,29.25951402795985,8,2.3931920528411865,22.332773,15
27.266666,19.5,1454.0,5.0,18693,0.9243612,1145.2026,0.16,2009.18798828125,0.0,-95.9200974,27.687572774269583,29.57524891071085,69,1.7258232831954956,89.0027,3.7
24.7125,14.7,1133.0,17.0,17277,0.89012265,2143.963,0.56,19.913349151611328,2.67957352941177,-187.0399933,24.709462324310334,26.345106424626724,108,1.746397614479065,4.956215,15.5
26.933332,21.9,3106.0,148.0,16683,0.57235277,1589.736,0.06,2039.7669677734373,1.56899728307745,438.5509949,31.302024873790245,30.166753369759984,11,1.00652015209198,118.492256,29
26.15,21.8,2354.0,83.0,18843,0.5727026,2191.2512,0.0,1392.23095703125,1.87821470588235,-2300.1499023,21.887240720873717,28.36238020189582,20,1.319038152694702,0.97362196,23
26.804167,14.7,1537.0,7.0,18378,1.0778424,1202.1724,2.42,296.0495910644531,1.61946025530447,-366.4079895,30.40103433130923,28.096408684136254,64,7.712043762207031,276.6357,3
26.8,20.4,2578.0,67.0,19916,0.7222287,1349.7578,0.58,726.9882202148438,0.176922865275142,773.4530029,35.090646615432945,28.99150458395877,29,0.9886020421981812,30.36076,27
24.041666,14.7,1605.0,25.0,15677,0.54292136,1233.5491,2.5,555.8267822265625,1.97423096264368,-42.5475998,31.993040616955263,25.13625694089884,2,0.1091835349798202,112.76991,5.71
27.729166,23.2,1519.0,45.0,15889,0.7195199,1886.4208,2.3,1110.3480224609375,1.57011176470588,390.9599915,34.06716667706323,29.046067745973357,1,0.4882723987102508,240.44672,11
28.108334,13.1,62.0,0.0,20203,2.325425,598.54517,0.0,0.0,0.926538398653133,-25264.5996094,38.324878037349535,27.85304496688732,17,1.5628844499588013,5.4482274,0
26.8875,22.0,2957.0,141.0,16711,0.56289667,1589.736,0.06,2039.7669677734373,1.55658099016733,2504.1201172,31.30439293717509,30.15663191793616,7,2.33279037475586,177.5586,21
12.770834,1.9,1259.0,60.0,16523,0.39031973,1487.2544,0.02,204.16749572753903,1.27005588235294,-2965.25,35.46041838063844,20.53551840973449,780,0.9391493201255798,4.2847214,4.3
18.208334,5.6,1563.0,31.0,14876,0.42467165,987.21875,2.06,116.5697021484375,0.0,61.9940987,31.144882931705524,22.19096466205761,2,0.9886020421981812,237.56526,5
26.741667,21.8,1487.0,33.0,18103,0.720566,1945.8169,0.1,570.0640258789062,1.89496470588235,1040.5500488,33.70771864149658,28.258165632188632,3,0.8801976442337036,292.80765,7.7
26.775,22.1,2146.0,105.0,15970,0.6153069,1595.2645,0.02,1017.7940063476562,2.21533235294118,4193.7700195,31.12922765385254,30.27959893310807,8,0.6366184949874878,1653.1555,1
